3.00814e+07,1.72914e+07,1.72215e+07,4.23416e+06,2.21353e+07,-3.80813e+06,1.84897e+07,-6.9448e+06,-5.91631e+07,1.46374e+07,-5.67471e+06,-1.77014e+07,-1.57082e+07,1.49445e+07,-3.48817e+07,-6.3539e+06,-2.30966e+06,1.35032e+06,2.49564e+07,1.07059e+07,-4.23772e+07,2.70482e+07,-3.98927e+07,-6.0207e+06,1.58842e+07,-8.50319e+06,-1.8251e+07,-1.1284e+07,1.26172e+07,-3.44488e+07,-1.98343e+07,2.41623e+07,6.36888e+06,3.12454e+07,-3.99847e+07,2.37075e+07,-4.7006e+06,-7.96288e+06,2.41519e+07,1.95396e+07,-3.02374e+07,-2.62201e+07,1.86048e+07,-3.02868e+07,-2.90206e+07,2.80621e+06,1.34996e+06,-5.70068e+07,-6.59451e+06,1.11008e+07,2.45311e+07,4.04809e+07,-3.33816e+07,-2.21419e+07,1.18654e+07,-3.01696e+07,-1.86897e+07,-2.3808e+07,5.84535e+06,-3.58127e+06,6.43654e+06,-2.5396e+07,-5.19258e+07,7.78036e+06,1.53152e+07,-1.22209e+07,-1.77927e+07,-3.80801e+06,-2.99864e+07,-1.44175e+07,-8.81743e+06,1.60661e+07,-2.37513e+07,3.71386e+07,-3.16241e+07,-2.06416e+06,-3.19306e+07,3.08064e+07,-3.52525e+07,3.38756e+07,4.20518e+07,-4.32883e+07,-1.92858e+07,-1.09567e+07,-5.18979e+06,1.66597e+07,-6.7974e+06,1.76172e+07,3.85125e+06,3.85131e+06,-2.56222e+07,-2.73853e+07,-1.74832e+07,-6.73201e+06,8.38425e+06,-1.58776e+07,234447
2.28767e+07,287921,-2.37755e+07,-1.70118e+07,-6.8326e+06,-1.94329e+06,-1.45544e+07,5.76212e+07,-1.0232e+07,-2.4846e+07,2.19639e+06,2.92463e+07,7.80834e+06,197888,1.50983e+07,2.13155e+07,-1.39864e+07,-6.81157e+06,-2.219e+07,1.17013e+07,-1.14383e+07,-2.81953e+07,-1.82878e+06,4.21731e+07,7.88027e+06,3.1113e+07,8.86068e+06,4.46244e+06,4.11421e+07,2.74758e+07,3.43334e+07,9.20247e+06,686297,6.17813e+06,1.53849e+07,2.86791e+07,4.79977e+06,7.76517e+06,1.8875e+07,3.2006e+07,-1.96228e+07,-2.74125e+06,3.87747e+06,-2.58931e+07,7.3307e+06,4.73842e+06,3.07884e+07,3.69382e+07,1.08256e+06,1.13704e+07,-2.88813e+07,1.07577e+07,2.28682e+06,3.62501e+07,3.56214e+07,7.31093e+07,-8.79423e+06,2.31775e+07,-2.10965e+07,2.78142e+07,-4.08068e+07,4.15463e+06,1.88888e+07,-1.04091e+07,-2.78517e+07,-1.28009e+06,-2.19728e+07,-5.38657e+06,-3.69176e+07,1.95225e+06,-9.29415e+06,3.19974e+07,1.9685e+07,-1.93671e+07,4.07824e+07,-1.09234e+07,7.43965e+06,-1.17222e+07,-5.03067e+06,-1.88865e+07,1.25362e+07,1.50579e+07,7.92286e+06,-2.59423e+07,-1.61913e+07,-9.16567e+06,-7.411e+06,-5.05725e+07,1.81125e+07,5.43573e+06,8.49539e+06,-1.54989e+07,2.80498e+07,-3.29317e+07,5.74999e+06,5.92705e+06,-2.17719e+07
-2.80792e+07,-1.10885e+07,7.03576e+07,-3.57495e+07,1.77787e+07,2.04111e+07,2.11689e+07,-1.5544e+07,7.97102e+06,-4.79087e+06,-1.78278e+07,1.77538e+06,-1.45172e+07,-5.72087e+06,-2.21117e+07,-1.87531e+07,-4.08904e+07,-2.10748e+07,9.66898e+06,9.3899e+06,1.86706e+07,2.33205e+07,-4.75519e+06,1.94839e+07,8.71127e+06,1.04946e+07,846424,-2.80629e+07,-1.04934e+07,1.93181e+07,-1.8269e+07,89101.8,3.06853e+07,6.20955e+06,1.70175e+07,2.25472e+07,-1.96335e+06,-3.33933e+07,-3.59053e+07,2.33099e+07,-4.53832e+07,-1.85524e+07,8.54365e+06,-2.00322e+06,-3.11099e+07,5.19446e+07,-3.51126e+06,-2.13192e+07,1.50126e+07,541504,4.45954e+07,-2.39539e+07,-1.8494e+06,-7.27236e+06,-1.73957e+07,-4.1936e+07,2.33114e+07,1.87618e+06,3.54229e+07,2.38184e+07,1.35405e+07,-3.12674e+06,-1.504e+07,3.82141e+06,-3.793e+06,-1.05599e+07,-3.68061e+07,1.96429e+07,3.22716e+07,1.18629e+07,3.96843e+07,-4.63028e+06,-2.61256e+07,3.41522e+06,1.61337e+07,-3.0252e+06,-3.07811e+07,-726240,3.17925e+06,1.06232e+07,3.08701e+07,1.62361e+07,-2.63898e+06,-3.45672e+06,-3.57516e+07,2.15988e+06,-1.20033e+07,1.08605e+07,2.98184e+07,4.82432e+06,4.04769e+07,2.46084e+07,-4.36856e+07,2.3417e+07,4.54467e+06,-1.69775e+06,-3.97123e+06
-2.54617e+07,-2.27191e+06,2.59788e+07,3.29437e+06,2.06585e+07,-5.29035e+06,3.71701e+07,1.67177e+07,-5.09434e+07,-7.85427e+06,-1.60932e+07,-3.33997e+07,-5.88129e+06,-1.74456e+06,2.48095e+07,8.83239e+06,1.74648e+07,-3.16998e+07,-3.47385e+06,5.73287e+06,-4.26076e+06,6.18798e+07,-5.50182e+06,-1.12729e+07,5.61434e+06,2.71735e+07,-3.07792e+07,-1.7063e+07,8.03405e+06,-6.84061e+06,-9.34549e+06,-1.21902e+07,-1.50787e+07,2.61953e+07,4.66206e+07,-1.67586e+07,-6.16404e+06,5.69568e+07,1.51471e+07,3.44369e+07,-4.71205e+07,-1.99983e+06,-1.08039e+07,-2.80983e+07,3.88876e+06,5.7155e+06,1.39201e+07,-2.85803e+07,-1.79788e+06,9.70993e+06,-1.3252e+07,-2.54415e+06,1.13921e+07,-5.68352e+06,-2.26655e+07,1.53376e+07,-2.58569e+07,-1.00283e+07,-1.05208e+07,2.27699e+07,-6.51975e+06,3.61485e+07,-1.97351e+07,-4.30934e+06,4.25306e+07,2.24431e+07,-7.0282e+06,-3.13156e+06,-2.75807e+07,3.84503e+07,-1.38802e+07,-1.79371e+07,-3.01174e+07,2.7622e+07,-4.83891e+06,-2.6212e+07,-5.19909e+07,7.44601e+06,-1.18867e+07,-1.97684e+06,9.31398e+06,4.44005e+06,1.55907e+07,8.8531e+06,1.40952e+06,1.33927e+07,1.16583e+07,8.21655e+06,-1.96063e+07,2.99543e+06,-1.52143e+07,-2.67749e+07,-1.41817e+07,9.73923e+06,2.36066e+07,-3.40797e+07,-2.07163e+07
-2.05742e+07,-8.45411e+06,-2.25839e+07,-3.48135e+07,-2.40744e+07,6.25993e+06,-5.01887e+07,1.86233e+07,-1.96925e+07,-1.93366e+07,-2.95945e+07,-1.00463e+07,-2.67112e+07,4.05926e+06,-8.22682e+06,7.08247e+06,-3.68006e+07,-2.31023e+07,-3.48723e+07,1.92629e+07,1.0354e+07,2.17688e+07,-3.30904e+06,-1.65124e+07,-1.1824e+06,7.77927e+06,-1.13943e+07,5.08205e+07,-1.77566e+07,5.05987e+07,-3.11639e+07,2.09364e+07,-1.17811e+07,4.01824e+07,3.68623e+07,-1.58067e+06,-976704,2.5089e+07,2.54747e+07,1.29951e+07,6.14875e+06,8.00381e+06,-1.4471e+07,-2.13126e+07,-1.72628e+07,3.63326e+07,-2.30248e+06,-3.36936e+07,-217653,3.05816e+07,-1.37694e+07,-9.29591e+06,2.1997e+07,-8.53809e+06,5.85477e+06,2.23737e+07,-1.16561e+06,1.22414e+07,-2.9475e+07,940606,-2.79177e+07,3.18193e+07,9.62506e+06,1.14688e+07,-3.00787e+07,6.66268e+06,1.53838e+07,1.28352e+07,2.4279e+07,1.01556e+07,-3.16896e+07,1.53517e+07,1.53294e+06,9.39547e+06,-1.13622e+07,1.49386e+06,1.75336e+07,-2.78502e+07,575969,1.86091e+07,-2.67067e+07,-9.11838e+06,-1.17587e+07,2.59123e+07,-4.41549e+07,-5.56682e+07,1.42724e+06,2.86107e+07,-2.09486e+07,1.81354e+07,5.85119e+07,4.83223e+07,3.77724e+07,1.39436e+07,2.02969e+07,-8.98507e+06,2.23718e+07
1.33441e+06,-4.10357e+07,-3.41342e+07,-3.75214e+07,7.26494e+06,-2.34182e+07,2.42497e+07,112907,-9.53782e+06,-2.24869e+07,4.72547e+06,1.104e+07,7.01406e+06,3.84483e+07,2.22021e+06,-1.38789e+07,1.06366e+07,1.7446e+07,-3.67226e+07,3.85478e+07,3.32367e+07,6.61699e+06,2.15114e+07,-1.1451e+07,-5.61418e+06,-6.24117e+06,1.39925e+07,4.62177e+07,2.47241e+06,1.19476e+06,-1.1327e+07,2.27052e+07,2.6318e+07,-1.41601e+07,-3.03369e+07,3.05391e+07,-3.2534e+07,2.02831e+06,9.69022e+06,9.36997e+07,-3.95788e+06,-1.28052e+07,2.58048e+07,-1.41002e+07,6.41248e+07,-8.54913e+07,1.5855e+07,-1.56256e+07,-1.29575e+07,-2.86965e+07,-4.23142e+07,-1.35492e+07,3.39694e+07,-1.0895e+06,5.33167e+06,3.41313e+07,-4.24583e+07,4.11141e+06,-2.59611e+06,2.79625e+06,-6.21297e+06,3.85477e+07,-3.63596e+07,662492,2.11475e+07,2.34388e+07,4.75643e+07,-3.78511e+06,-1.19902e+07,-2.33498e+06,-5.90744e+06,1.95709e+06,4.29247e+07,1.79436e+07,5.25227e+07,-9.80161e+06,3.23222e+07,-1.73033e+07,-1.9531e+07,-2.76572e+07,923485,6.01302e+07,-1.25162e+07,1.61668e+07,2.64002e+07,4.52453e+06,1.25141e+07,-4.10191e+07,-2.18643e+07,-1.40257e+07,-2.53325e+07,6.24435e+06,2.2847e+07,-9.3055e+06,2.92167e+06,-8.63826e+06,-9.95251e+06
-3.49617e+07,-4.50484e+07,-1.15191e+07,-1.06019e+07,1.23621e+07,-1.46458e+07,-2.59238e+07,-2.76005e+07,1.48571e+07,2.3979e+07,-1.11395e+07,7.27361e+06,-2.20306e+07,8.14713e+06,2.59865e+07,-6.03143e+06,2.18538e+07,-3.11771e+06,-2.30856e+07,472153,-5.18054e+06,-2.17907e+07,1.96408e+06,8.70765e+06,6.40444e+06,-3.90583e+07,4.29158e+07,2.7128e+07,658132,2.45021e+07,-2.55693e+07,-2.70217e+07,-2.3691e+07,2.62852e+07,-3.59749e+07,2.942e+07,7.24929e+06,1.72044e+07,1.0579e+07,-722551,5.50724e+06,7.50394e+06,-3.25179e+07,-4.85171e+07,-8.40634e+06,-5.21235e+07,1.05241e+07,-3.05617e+07,-4.48502e+06,-1.00164e+07,2.02073e+07,3.90492e+07,3.03032e+07,-4.06558e+06,1.11802e+07,-4.7437e+06,3.54951e+07,-1.97551e+07,1.5524e+07,-1.84828e+07,7.75444e+06,-1.3156e+07,-2.48131e+07,5.31658e+07,-2.31699e+06,4.18405e+06,4.18046e+07,-5.85128e+06,4.12259e+07,-3.40452e+07,-1.47971e+07,-2.38462e+07,-3.14642e+06,3.04602e+07,-6.39978e+06,123760,-5.44442e+06,-1.44466e+07,5.73702e+07,-3.15965e+07,-1.96592e+07,-2.72496e+06,-1.11218e+07,-2.31327e+07,9.80696e+06,-6.58117e+06,-9.35002e+06,-1.42286e+07,-6.24124e+06,1.56477e+07,1.55414e+07,2.40989e+07,-3.31946e+07,3.88587e+07,2.0767e+07,1.8873e+07,2.54422e+07
1.76813e+07,1.48649e+07,-7.24251e+06,-1.79902e+07,3.13642e+07,1.50562e+07,4.94888e+07,2.26025e+07,-2.3891e+07,-5.68404e+07,-2.73631e+07,-2.5986e+07,1.81514e+07,1.58777e+07,647612,2.11101e+07,1.2471e+06,5.80388e+07,1.23357e+06,2.91125e+06,-1.54464e+07,-3.64367e+06,-2.47662e+07,2.17945e+07,-1.22286e+07,8.01831e+07,-4.08822e+06,-2.06835e+07,1.20944e+07,1.46597e+07,-1.31418e+07,3.4869e+07,1.32254e+07,-9.46947e+06,2.83624e+07,-6.26253e+06,-5.10547e+06,-1.9083e+07,8.93444e+06,-4.94598e+06,-6.06948e+06,2.31772e+07,8.95474e+06,-5.19749e+06,7.53513e+06,-2.0675e+07,1.84417e+07,-2.08492e+07,3.1059e+07,-6.28257e+06,-1.19369e+07,-2.89456e+07,3.45816e+07,1.95968e+07,9.83454e+06,-1.07385e+07,1.05736e+06,2.9592e+07,9.07158e+06,-1.32797e+07,-1.51418e+07,7.23499e+06,3.32668e+07,7.04178e+06,3.11531e+07,8.26196e+06,-2.12138e+07,1.00484e+06,-1.24119e+07,6.9447e+06,4.24998e+06,3.14498e+07,-4.18558e+06,1.07241e+07,4.07701e+06,3.97655e+06,-4.34194e+07,1.45259e+07,-5.88709e+07,-5.37086e+06,-4.58774e+07,2.54637e+07,-2.08428e+07,-1.30143e+07,-1.09933e+07,4.23558e+07,-3.76047e+07,5.30588e+06,-9.76321e+06,7.23496e+06,-6.01757e+07,-1.60332e+07,2.61072e+07,-1.98631e+07,-1.75336e+07,4.27582e+07,1.78819e+07
-1.87607e+07,8.73687e+06,2.98968e+07,-2.33154e+07,-3.36363e+07,-1.4952e+07,-8.95999e+06,-9.32956e+06,-3.2251e+07,-3.23613e+06,-1.4417e+06,-4.43254e+07,6.97333e+06,-5.43975e+06,445276,3.94451e+07,-1.59559e+07,-1.25215e+07,-2.8925e+07,4.63567e+07,-2.83451e+07,2.68799e+07,-2.5234e+07,-1.02927e+06,5.20641e+06,-7.43523e+06,-1.29403e+07,3.79941e+06,3.8305e+07,5.53931e+06,-75382.1,4.82389e+07,3.94384e+06,-1.87182e+07,1.08028e+07,-8.34064e+06,-1.71641e+07,2.0198e+06,2.59369e+07,1.09491e+07,-3.69564e+07,-4.73741e+06,1.9101e+07,7.20771e+06,1.93619e+07,6.57485e+07,3.19168e+07,1.49505e+07,-3.79084e+06,-1.01163e+07,-3.28021e+06,2.47392e+07,-8.44231e+06,-2.04288e+07,-2.7908e+06,3.29327e+06,-1.64657e+07,3.89911e+07,2.43782e+07,3.0287e+07,1.27138e+07,-7.89904e+06,4.55902e+07,-3.95696e+06,8.04132e+06,-7.86447e+06,-1.92906e+07,1.73709e+07,-1.73925e+07,-5.11805e+07,-1.1133e+07,2.37518e+07,52919.2,-3.53101e+07,1.70304e+07,-1.67036e+07,2.49937e+07,2.13426e+07,1.59296e+07,-2.06447e+07,-9.27981e+06,1.23507e+07,-3.81744e+06,1.29055e+07,-2.27486e+07,1.25268e+07,-1.14422e+07,-4.04918e+07,2.82287e+07,1.07558e+07,-1.6225e+06,-9.06315e+06,-9.01244e+06,-2.51842e+07,-5.30438e+07,2.1075e+07,7.16026e+06
2.01921e+07,-1.68711e+07,-1.25413e+07,2.1425e+07,-1.7487e+07,-3.90233e+07,3.02986e+07,-5.83018e+06,4.50101e+06,-8.05919e+06,2.91803e+07,-2.84232e+06,-6.38135e+06,-1.1975e+06,6.46406e+07,-1.93025e+07,1.00798e+06,-2.03968e+07,3.54554e+07,-2.08118e+07,1.45649e+07,-6.29661e+06,2.84584e+07,1.27464e+07,2.04625e+07,3.08738e+06,7.67123e+06,-4.08151e+07,-2.69955e+06,-2.81311e+07,3.22399e+07,-4.06122e+07,889255,-7.00948e+06,2.94323e+07,1.81354e+06,1.30592e+07,-2.40656e+07,-2.41882e+07,-3.74771e+06,1.76962e+07,1.68136e+07,-1.8324e+06,-1.44581e+07,3.44716e+07,-1.34915e+07,3.7791e+06,7.00909e+06,2.14287e+07,-1.13483e+07,-6.23904e+06,-3.78033e+07,-3.54229e+07,-1.54884e+07,-2.10167e+07,9.33308e+06,-3.18672e+07,-1.00454e+07,1.03493e+07,-2.40985e+07,-3.81813e+06,3.00115e+07,-2.44542e+07,-4.91538e+06,3.38273e+07,-1.57288e+07,4.08705e+06,2.3511e+06,4.92256e+06,4.58154e+06,1.81196e+07,330335,4.76374e+06,-3.22269e+07,3.31606e+06,3.4253e+07,-9.9493e+06,-4.45522e+07,-2.86944e+07,1.75486e+07,9.44542e+06,2.72595e+07,2.41228e+07,-1.56809e+06,2.9057e+07,1.90231e+07,6.10676e+06,-2.94437e+07,-1.65862e+07,-1.26139e+07,1.17629e+07,3.92452e+06,-1.54018e+07,-1.49984e+07,-3.01619e+06,-2.33869e+07,-1.55196e+06
4.43016e+06,-9.10457e+06,8.79151e+06,1.55321e+07,4.70509e+07,2.65796e+07,8.43047e+07,-3.56708e+07,-1.52482e+06,1.84845e+07,2.99655e+06,711018,-1.2971e+07,5.6118e+07,1.48045e+07,-2.57474e+07,5.7563e+07,1.8454e+07,3.42116e+06,-4.06477e+06,-2.61275e+07,-1.26568e+07,-2.16858e+07,2.37794e+07,-1.97094e+06,7.5408e+06,3.93959e+07,-2.35838e+06,2.76456e+06,-4.10468e+07,2.69616e+07,2.90284e+07,-9.26554e+06,-1.30356e+06,-2.85875e+07,3.18664e+07,-1.35403e+07,-3.79708e+07,1.62542e+07,5.2142e+06,4.3e+07,1.76603e+07,4.99238e+06,1.15194e+07,3.76247e+06,-3.23957e+07,1.99973e+07,1.24669e+07,2.10222e+07,-1.60452e+06,-2.36105e+07,-3.30784e+07,1.35043e+07,-2.41133e+07,-3.04114e+07,1.95085e+07,2.02131e+07,3.45727e+06,-4.49721e+06,-2.59984e+07,-1.70634e+07,6.12197e+06,-1.81892e+07,1.96513e+07,1.63001e+07,146810,-2.48703e+07,-2.44169e+07,7.02393e+06,3.25301e+07,-2.10468e+07,-7.15221e+06,-2.84291e+06,1.22865e+07,-4.25158e+07,3.97738e+06,-4.66251e+07,3.42825e+07,-3.98005e+07,-3.79678e+07,1.32841e+07,383245,-7.45464e+06,-2.02779e+07,-2.10398e+07,2.50079e+06,1.0372e+07,-3.9474e+07,-1.02634e+06,1.0662e+07,-3.85279e+07,-3.23541e+07,-5.7066e+06,-4.05581e+07,-3.90323e+07,6.116e+07,-3.04658e+07
-8.01615e+06,-1.89579e+07,6.95865e+06,1.94902e+07,533063,1.58113e+07,-4.96768e+06,-2.6945e+07,-2.5845e+07,-5.46011e+07,-2.29055e+07,-3.4079e+07,1.97718e+06,9.28892e+06,1.46677e+07,1.43558e+07,-1.31838e+06,-389563,5.88199e+06,2.39443e+07,-3.08898e+07,-2.03401e+07,-1.68668e+07,-7.50968e+06,3.98418e+07,3.0089e+07,3.6812e+07,-3.32768e+07,306393,-1.86408e+07,2.92047e+07,-203246,-2.95652e+07,-6.07101e+06,6.31358e+06,1.18827e+07,-1.42779e+06,-6.66075e+06,-4.31355e+07,9.24243e+06,2.41857e+07,4.28946e+06,-1.75845e+07,1.07203e+07,2.46113e+07,-57463.3,3.76053e+07,-1.92856e+07,8.12401e+06,-1.55961e+07,5.38698e+06,1.95887e+07,-1.51267e+07,2.03609e+07,-3.30019e+07,-1.61329e+07,1.31202e+07,2.05719e+07,4.25397e+07,9.39267e+06,2.88386e+07,-9.72387e+06,2.38756e+07,3.74088e+07,5.24447e+07,-7.73421e+06,-1.92046e+07,3.66544e+06,4.12778e+07,-2.71202e+07,2.04556e+07,2.43836e+07,2.40402e+06,7.54474e+06,2.59576e+07,-1.67509e+07,-1.89921e+07,-755558,-8.21273e+06,-8.53711e+06,-1.41741e+07,7.00476e+06,1.45716e+07,8.00861e+06,-6.00829e+06,3.5234e+07,-3.84779e+07,-3.45395e+07,1.00045e+07,1.02727e+07,-4.50451e+06,-7.211e+06,-1.8205e+07,-1.61848e+07,-2.46792e+07,2.9411e+07,-1.11463e+07
1.01861e+07,1.41317e+07,-6.22374e+06,-1.50403e+07,-1.72692e+07,-1.70967e+07,-4.87143e+07,4.57955e+07,-1.91925e+07,4.3778e+06,1.42302e+07,1.68335e+07,3.18426e+06,-9.96502e+06,-2.41679e+06,8.73302e+06,-7.55061e+06,1.72852e+07,7.21535e+06,1.17947e+07,6.0741e+06,1.44726e+07,1.59139e+07,4.93095e+06,-1.18054e+07,1.00621e+07,-1.15364e+07,8.27822e+06,1.17543e+07,1.65361e+07,1.4945e+06,1.02268e+07,-7.13302e+06,7.3234e+06,2.31146e+07,1.04501e+07,911353,-2.80311e+06,2.96364e+07,2.39245e+07,-1.00802e+07,1.7838e+07,7.72058e+06,-2.0574e+07,-213968,4.07934e+06,1.67026e+06,1.47283e+07,1.55482e+07,-1.07838e+07,2.09875e+07,2.29618e+06,7.4645e+06,1.41522e+07,-2.07648e+07,2.20126e+07,-1.11239e+07,1.07204e+07,-3.55253e+07,1.47752e+07,-3.93283e+07,1.12488e+07,-9.58069e+06,1.07575e+07,-7.3927e+06,2.79558e+07,7.88047e+06,9.1752e+06,5.32034e+06,-1.65952e+07,3.49618e+07,-2.96571e+07,1.18181e+07,1.45023e+07,1.93526e+06,-1.97942e+07,4.39263e+06,-3.30517e+06,1.70297e+07,-9.27305e+06,-1.73576e+07,-8.47424e+06,2.2452e+07,-1.78423e+07,3.02999e+07,-1.93392e+07,6.85943e+06,-1.4024e+07,2.27692e+07,-6.89979e+06,1.44966e+07,1.70568e+06,4.15057e+07,-1.6073e+07,-3.61706e+06,-5.76772e+06,-5.06556e+07
-1.14714e+07,-5.62482e+07,-1.10661e+07,3.63087e+07,3.00522e+07,-2.05e+07,-2.81975e+07,-1.73338e+07,613187,-6.40024e+07,-2.31127e+07,2.7279e+06,1.16257e+07,-3.02193e+07,-3.03655e+06,1.86242e+07,-2.9965e+07,-2.88535e+06,-3.87965e+07,-6.34403e+06,-1.3668e+07,1.76363e+07,9.3728e+06,7.13407e+06,-2.12525e+07,-1.09315e+07,-2.12911e+07,4.22781e+06,746600,3.94893e+07,-1.8558e+07,-1.42212e+07,-2.68665e+06,3.29642e+06,-8.78439e+06,-1.67171e+07,-2.9532e+07,4.28589e+07,3.81808e+07,7.23091e+06,-1.29696e+07,1.9618e+07,3.61539e+07,-3.12206e+07,2.81203e+07,-6.66347e+06,-1.21357e+07,-1.94574e+07,-2.53245e+07,-5.81805e+06,-2.0956e+07,893543,-1.26591e+07,1.21156e+07,4.10644e+07,-2.19984e+06,4.11355e+07,2.42111e+07,4.37328e+07,1.38174e+06,2.62346e+07,-1.64044e+07,-229444,-1.66588e+07,1.02579e+06,-1.86901e+07,5.7404e+06,-1.29518e+07,-4.14036e+07,-6.92939e+06,-1.96419e+06,-8.17201e+06,-4.5103e+06,-2.25987e+07,2.05448e+07,-1.7228e+07,1.78794e+07,-4.22277e+07,-4.90894e+07,4.51729e+07,1.40899e+07,-1.404e+06,4.32261e+06,3.13979e+07,-2.9526e+06,2.82075e+07,-9.21438e+06,2.37762e+07,202992,-1.44269e+07,-1.76222e+07,-1.13227e+07,-2.4796e+07,4.41789e+07,1.12547e+07,-2.63118e+07,3.89335e+07
4.09482e+07,1.89078e+07,-5.83802e+06,2.53338e+07,-1.15168e+07,4.22183e+07,897976,-1.73926e+07,1.28837e+07,-2.65524e+07,-1.0961e+07,-1.32913e+07,296877,-1.08922e+06,-3.40764e+07,-2.18725e+07,7.6143e+06,2.00876e+07,-9.99705e+06,-3.66757e+07,-1.12298e+06,3.73991e+06,-2.81385e+07,1.22992e+07,1.77443e+07,-2.09692e+07,1.59026e+07,-3.25107e+07,8.87269e+06,-9.26451e+06,1.57089e+07,-1.58942e+07,-5.92775e+06,4.66289e+06,-2.43958e+07,-3.15999e+07,4.24403e+06,2.62228e+07,-1.17478e+07,3.2264e+06,1.30991e+07,3.62987e+07,2.47717e+07,-1.83716e+07,1.70338e+07,2.60311e+07,2.40287e+06,-2.05478e+07,-1.56724e+07,-2.45916e+07,-9.11784e+06,-3.83866e+06,-3.02399e+07,-1.29592e+06,1.0173e+07,-4.09151e+07,2.836e+06,-3.91062e+07,2.58062e+07,-3.05907e+07,-5.86516e+06,-2.96312e+07,-6.36284e+06,9.01175e+06,1.82818e+06,942339,-1.79199e+07,6.5589e+06,-5.89186e+06,1.60598e+07,5.8363e+06,2.26121e+07,3.21042e+07,-3.22646e+07,1.10051e+07,-9.99019e+06,2.03598e+06,-2.47802e+07,1.42982e+06,2.30884e+07,1.54056e+07,-1.52327e+07,-2.68091e+06,-3.53706e+07,-1.80491e+06,-7.69583e+06,-3.71489e+07,-1.18046e+06,-3.9368e+07,-1.55643e+06,-4.1839e+07,4.45784e+06,1.89505e+07,-5.50303e+07,2.96699e+07,-1.4627e+07,4.04618e+07
2.36621e+07,-1.68244e+07,2.1232e+07,-3.212e+07,-1.70939e+07,-1.19303e+07,2.08277e+07,1.3756e+07,-7.79728e+06,-1.94165e+07,3.22301e+07,-9.29409e+06,1.21188e+06,-3.82477e+07,-3.12465e+06,1.63948e+06,2.08621e+07,3.32614e+07,-1.96909e+06,1.46142e+07,1.31827e+07,7.76121e+06,-442949,-1.01736e+07,-8.46204e+06,-4.76949e+06,-809432,-2.38405e+07,-1.53321e+06,1.3e+07,-1.43716e+07,-2.83195e+06,-3.17061e+07,1.84631e+06,-2.99478e+07,-7.14426e+06,-6.36656e+06,2.87816e+07,-6.50304e+06,-4.23207e+06,-5.92412e+06,-3.15075e+07,1.88964e+06,-3.31754e+07,2.22343e+07,-9.30742e+06,-6.04944e+06,1.22656e+07,1.53034e+07,3.71687e+07,-1.70906e+07,-2.01291e+07,4.33946e+06,1.80508e+07,3.09856e+07,-1.52408e+07,-7.31227e+06,4.02328e+06,4.49971e+06,-6.22991e+06,3.88508e+07,5.40092e+06,-1.75261e+07,1.63225e+07,-3.03578e+06,-3.4954e+06,-2.18058e+06,-2.7396e+07,1.38899e+07,4.57025e+06,3.61816e+07,-1.2217e+07,1.53886e+07,-1.98571e+06,-9.7634e+06,5.27325e+06,-1.0439e+07,5.57141e+06,-4.74905e+07,-2.27663e+07,4.74391e+06,1.30978e+07,1.78171e+07,-5.48996e+06,-1.42699e+07,-3.0995e+06,-5.80038e+06,3.26066e+06,-1.55894e+07,-1.7888e+07,-923815,5.07939e+06,-4.66765e+06,9.68151e+06,-4.71602e+06,3.36747e+07,-1.30594e+07
-2.71713e+07,1.51334e+07,6.24843e+07,7.23176e+06,1.14793e+07,1.17806e+07,5.13908e+07,-2.62938e+07,3.21513e+07,-1.46562e+06,-1.84881e+06,-2.3056e+07,-2.1038e+07,4.95315e+07,6.25738e+07,-2.00792e+07,2.21706e+07,2.71473e+07,7.9056e+06,-1.45104e+07,-2.88846e+07,-1.68183e+07,5.6927e+06,607819,-1.88039e+07,-4.09735e+07,-1.04512e+07,-1.14926e+07,-3.11886e+07,-3.91614e+07,3.35449e+07,-2.88979e+07,-3.04011e+07,-1.79047e+07,5.20391e+07,-1.263e+07,1.29102e+07,1.26017e+07,2.37057e+07,1.18159e+07,1.14007e+07,3.28081e+07,-7.03427e+06,-5.51242e+06,-2.73806e+07,3.44552e+07,2.32845e+07,5.13007e+07,2.84855e+07,1.9734e+07,-2.93953e+06,-5.71245e+07,1.93367e+06,-3.32476e+06,-986868,1.92836e+07,1.50387e+07,-1.22243e+07,-2.81368e+07,5.44398e+06,-1.99564e+06,1.15948e+07,-2.39635e+07,8.19703e+06,-2.7476e+07,-1.36381e+07,-6.24323e+07,-2.70164e+07,1.42851e+07,6.12024e+06,4.84851e+07,-1.41108e+07,2.50389e+07,-1.19393e+07,2.12005e+06,-6.88255e+06,-1.40508e+07,-1.29123e+07,-1.34397e+07,-5.27555e+07,4.5045e+07,-2.56882e+07,-5.63362e+06,-1.80819e+06,-3.28174e+07,-2.72819e+07,8.5505e+06,-1.77211e+07,2.62282e+07,5.24488e+07,5.73635e+06,-1.10531e+07,1.10274e+07,-3.65445e+06,-1.34399e+07,1.83407e+07,-2.74513e+07
-3.75021e+07,-2.87374e+07,2.34082e+07,-3.6847e+07,-5.31412e+07,1.96816e+06,2.37563e+06,-3.66527e+07,-3.41545e+06,-2.08043e+07,-7.24086e+06,1.41677e+07,-1.55229e+06,-4.12311e+06,2.0085e+07,-2.57801e+07,5.67112e+06,-1.47236e+07,2.51277e+07,-1.884e+07,1.34496e+07,-4.8306e+07,-2.8256e+07,1.60387e+07,7.64112e+06,-2.60012e+07,4.7765e+06,3.2572e+07,-1.80951e+07,1.13682e+07,-1.18278e+07,-1.51301e+07,-4.12434e+07,-4.07765e+06,1.36147e+07,-8.69999e+06,1.81059e+07,2.18751e+07,-8.24849e+06,-3.93946e+07,1.62301e+07,6.42661e+06,-2.08117e+07,-1.80622e+06,7.55679e+06,2.6886e+07,-1.5618e+07,1.66308e+07,-1.03696e+07,1.08728e+07,-2.83905e+07,-1.30055e+07,-5.61031e+06,1.22005e+06,-604886,-3.33507e+07,2.02016e+07,-4.36534e+07,2.31857e+06,-8.94048e+06,3.13326e+07,9.88365e+06,-2.50655e+07,1.28742e+07,-1.22813e+07,5.2037e+06,2.31621e+06,3.62539e+06,7.10917e+07,7.49108e+06,2.73973e+07,-5.56124e+07,3.91411e+07,-4.57148e+07,-8.84184e+06,3.05782e+07,-3.16096e+07,-3.09187e+07,-9.34639e+06,-1.34558e+06,-2.90331e+06,-2.37182e+07,1.89205e+07,6.11073e+06,1.41025e+07,-7.80364e+06,6.94267e+06,2.13993e+06,-645055,-9.76645e+06,2.66375e+07,5.99221e+06,-2.51151e+07,2.84129e+07,4.07085e+07,5.24352e+06,1.06712e+07
-1.35177e+07,2.41782e+06,-2.77802e+07,2.52966e+07,3.65347e+07,-3.20647e+07,1.59148e+07,1.82886e+07,-2.05243e+06,-2.61256e+06,3.81745e+07,1.24461e+07,-1.5489e+07,-5.01595e+07,1.00224e+07,3.90018e+07,2.48863e+07,-1.93902e+07,-1.83257e+07,1.31625e+07,-1.34259e+07,-858382,-1.58875e+07,9.54514e+06,-4.48826e+07,2.97695e+07,2.75797e+06,780703,6.94599e+06,-201249,-4.69969e+06,2.3294e+07,2.98175e+07,-8.3467e+06,2.20836e+06,-3.45665e+07,2.95943e+07,8.19202e+06,-2.96729e+07,344550,1.72826e+07,-3.89498e+06,-3.01551e+07,-1.78376e+07,3.30548e+06,-4.24823e+06,-3.07209e+07,-2.07323e+07,128431,-2.92005e+07,1.18155e+07,-1.85712e+06,2.54362e+07,-1.70634e+07,-212029,3.68083e+06,-3.55611e+07,-992805,-2.45216e+06,2.45718e+07,4.67649e+07,7.35142e+06,-2.45899e+07,6.44729e+06,-1.24128e+07,2.34677e+07,7.91322e+06,-2.13938e+07,-8.01435e+06,-6.0236e+06,-1.22146e+07,-4.20361e+07,-2.53308e+07,8.44371e+06,-3.15334e+07,-2.98292e+07,1.07929e+06,-6.6929e+06,2.04687e+06,-2.95222e+07,-3.44603e+07,-2.90945e+07,-7.02339e+06,1.8088e+07,1.32176e+07,-2.03019e+07,-2.84743e+07,-5.2346e+06,4.66803e+06,-5.49446e+06,-1.39987e+07,-2.17912e+07,862493,2.76041e+06,5.08907e+07,1.32774e+07,-2.25737e+07
-305839,2.01448e+07,1.07179e+07,-4.34106e+07,1.80805e+07,5.90838e+07,5.87832e+06,4.68102e+07,3.76806e+07,3.63208e+07,1.9287e+07,3.66869e+07,-2.43571e+07,-1.67591e+07,1.56499e+07,-1.58993e+07,3.40572e+07,1.26952e+07,-460891,-1.69216e+07,2.33373e+07,3.59341e+07,-2.79949e+06,4.67661e+06,-1.87286e+07,-4.28684e+06,-6.06726e+06,-2.5069e+07,2.43703e+07,1.24619e+07,-8.00771e+06,9.97996e+06,5.08595e+07,2.49375e+07,-1.0555e+07,-1.01246e+07,1.25744e+07,-5.7908e+07,1.91765e+07,4.76658e+07,1.05119e+07,-1.16664e+07,-3.79772e+06,2.1843e+06,-1.86405e+07,-5.34679e+06,-7.15745e+06,1.74414e+07,4.72427e+07,6.14351e+07,2.76793e+07,-7.95096e+07,4.30643e+07,-6.59942e+06,1.7071e+07,1.97465e+07,-2.64113e+07,-1.48714e+07,1.33633e+06,2.8922e+07,-2.37291e+07,6.94466e+07,-1.31533e+07,-1.35681e+07,2.49133e+06,-5.35602e+06,1.20967e+07,-2.30006e+07,7.68955e+06,-2.33061e+07,-2.48332e+07,1.36109e+07,-7.66007e+06,4.26796e+07,-2.22335e+06,-4.11902e+06,-3.14334e+07,1.07723e+07,1.06468e+07,-2.75117e+07,2.69843e+07,-9.06848e+06,-2.66385e+06,1.67723e+07,4.2036e+07,-3.22014e+07,-1.82428e+07,-2.23941e+07,4.01748e+07,1.3827e+07,6.87591e+06,2.40547e+07,-1.49708e+07,4.63118e+07,9.44717e+06,3.24974e+07,4.71523e+06
-1.95277e+06,2.34302e+07,-2.75273e+07,2.72865e+06,-1.01447e+07,1.75468e+07,-1.42846e+06,5.42784e+07,2.35304e+07,-3.01546e+07,1.77337e+07,3.24252e+07,1.94202e+07,-2.59031e+07,-1.56151e+06,-2.09815e+07,4.30836e+07,3.42132e+06,3.37788e+07,2.88943e+06,-2.58633e+07,-873286,1.21105e+07,-2.00776e+06,1.05337e+07,-3.21334e+07,-8.27845e+06,-3.96167e+07,2.53539e+07,-2.09527e+07,-1.21256e+07,164700,-1.96052e+07,1.20078e+07,8.96851e+06,-2.9994e+06,-4.73535e+06,1.48543e+06,-7.83073e+06,-4.39475e+06,-5.84469e+06,8.78228e+06,2.60792e+07,1.05062e+07,-1.21172e+07,-8.22485e+06,-1.63558e+07,-1.38152e+07,-2.69956e+06,1.53201e+07,-1.89738e+07,4.29483e+07,-2.74315e+07,7.8152e+06,2.22894e+07,-1.91979e+07,2.21875e+07,2.05878e+07,1.03372e+07,-3.12767e+07,-1.2352e+07,-2.41291e+07,6.1727e+07,-1.79241e+07,1.4953e+07,-1.41169e+07,1.18501e+07,16123,-1.24078e+07,3.79664e+07,-9.48578e+06,-7.24925e+06,-2.58016e+07,9.60845e+06,-1.95253e+07,1.82033e+07,1.31562e+07,369833,-9.39521e+06,1.33041e+06,-6.48553e+06,-2.84348e+07,5.43379e+07,-9.56895e+06,3.25855e+07,3.1814e+06,-62610.2,6.47025e+06,4.74887e+06,-3.84781e+07,2.62972e+07,-3.41356e+06,-8.86472e+06,-3.52885e+07,4.52597e+07,-3.74031e+07,-1.77427e+07
-2.5226e+07,3.86317e+06,1.27252e+07,-5.0124e+07,-3.65261e+07,-9.30219e+06,-1.22585e+07,1.37857e+07,-5.04114e+07,8.0511e+06,-1.81189e+07,-2.40317e+07,-2.32371e+07,-2.94542e+07,4.94108e+07,-1.26883e+07,-6.06878e+06,-3.65791e+07,1.84738e+07,9.40727e+06,5.68756e+06,3.05776e+07,-249057,8.26119e+06,2.11041e+07,-1.69334e+07,-1.18092e+07,-7.93286e+06,3.05179e+07,1.9369e+07,1.45196e+07,-1.66646e+07,1.89223e+07,1.38463e+07,-3.8021e+06,2.66394e+07,3.79859e+07,-1.39696e+07,3.32311e+07,1.14929e+07,-4.34066e+07,1.16463e+07,5.37359e+07,-1.35615e+07,8.72083e+06,1.90251e+07,-1.75193e+06,-1.01989e+06,8.90152e+06,-1.94074e+07,7.41078e+06,2.86203e+07,-4.12122e+07,1.28726e+07,8.8345e+06,-1.57721e+07,-1.98407e+07,1.23416e+06,4.77995e+06,1.17965e+06,-1.96345e+07,2.82288e+07,-5.98236e+06,7.41013e+06,2.14605e+07,-133834,-4.3786e+06,4.24986e+07,-7.52039e+06,-1.78488e+07,-1.29004e+07,-1.27156e+07,1.67403e+06,1.91199e+07,3.50288e+07,-1.54986e+06,2.06714e+07,-4.67582e+07,8.96956e+06,1.59404e+07,-3.81509e+06,-6.92413e+06,-2.47363e+07,9.13254e+06,1.22979e+06,-1.82795e+07,2.06176e+07,-2.36265e+07,2.37344e+07,-1.61238e+06,1.59151e+07,-1.17486e+07,-3.32508e+06,3.15327e+07,4.21379e+07,-2.09338e+07,3.08086e+07
4.70552e+06,2.54178e+06,2.57178e+07,-4.44011e+07,9.346e+06,2.44519e+07,5.31889e+07,-2.10798e+07,6.70285e+06,1.52152e+07,4.42817e+06,4.20141e+06,-5.37962e+07,3.12856e+07,2.4983e+07,-1.45972e+07,1.27823e+07,-1.51078e+07,1.93261e+07,1.86771e+07,-1.08939e+07,944146,2.04716e+07,-1.26433e+07,-3.41359e+07,-3.26401e+07,-2.52888e+07,2.47299e+07,4.50101e+06,4.22416e+06,7.80814e+06,7.29425e+06,4.03281e+07,3.06424e+07,2.01107e+07,4.34821e+07,-2.21485e+07,-3.34547e+06,4.38094e+07,5.31908e+07,-1.31745e+07,7.34451e+06,3.01525e+07,1.32994e+07,-3.03506e+06,-8.8905e+06,-2.66956e+06,-3.47812e+06,2.79661e+07,-5.47365e+07,2.45715e+07,-2.34309e+07,8.19972e+06,-1.17743e+07,-4.07742e+07,-9.81045e+06,1.80876e+07,2.29953e+07,1.58019e+07,1.49967e+07,3.58449e+07,3.89641e+07,-2.14223e+07,-2.66322e+07,4.41e+06,591803,-1.74101e+06,3.53671e+06,-6.15499e+06,3.51261e+07,2.40902e+07,1.45505e+07,-6.82455e+06,2.14339e+07,4.15333e+07,2.39243e+07,1.70721e+07,-8.56612e+06,-2.77643e+07,1.24587e+07,-3.54237e+07,-1.13734e+07,437024,5.43994e+07,-1.48382e+07,2.34902e+07,4.40197e+06,-1.85465e+07,2.87479e+07,1.52242e+07,4.74144e+06,-2.40116e+07,1.02873e+07,1.04188e+07,5.54321e+06,-2.02442e+07,3.52953e+07
2.07557e+07,-2.70084e+07,7.25656e+07,-2.95877e+07,-1.86393e+07,-7.45679e+07,7.44582e+07,-2.08733e+07,-1.36537e+07,1.31463e+07,4.34503e+07,4.83824e+06,9.60292e+06,6.19729e+07,1.11262e+07,-1.36415e+07,4.53485e+07,1.9187e+07,1.83012e+06,-2.51765e+07,-3.68823e+07,-4.70683e+06,-5.43922e+06,4.70506e+07,-8.20204e+06,-4.25925e+06,-1.09398e+07,1.56291e+07,2.69555e+07,-6.06638e+07,9.45633e+06,2.90247e+07,1.59289e+07,-7.32664e+07,-4.37744e+06,7.90732e+06,-3.55908e+07,7.18957e+06,-3.02217e+07,8.90766e+06,-5.15594e+07,3.76397e+07,5.08339e+07,5.97444e+07,-1.22139e+07,-3.31743e+06,2.43382e+07,-7.13813e+06,-2.14934e+07,-3.62879e+07,-1.95361e+07,-3.11498e+07,-8.50582e+06,-2.63521e+07,-4.41039e+07,-3.0159e+07,-2.77645e+07,1.64482e+06,5.19257e+07,4.17042e+06,3.12718e+07,-2.58952e+07,-7.87254e+06,2.61729e+07,-2.14618e+06,8.4821e+06,6.19105e+06,4.52e+07,-3.74849e+06,-2.80859e+07,3.02419e+07,-1.03305e+07,-361471,-1.65176e+07,3.08857e+07,-1.70831e+06,-7.72697e+06,3.17124e+07,-1.95064e+07,-2.46072e+06,1.67253e+07,6.22052e+06,-2.03874e+07,8.59853e+06,-4.16454e+07,6.00767e+07,-1.33432e+07,-1.20358e+07,3.22822e+07,-2.49165e+07,-3.46758e+07,-6.50627e+07,-1.17948e+07,5.93831e+06,-2.64103e+07,-9.48633e+06,-9.87804e+06
-3.00869e+07,1.97672e+07,-4.60938e+06,-2.60179e+07,-7.20272e+06,-8.88675e+06,2.04618e+07,-2.83143e+07,-3.16967e+06,4.9919e+06,3.21048e+06,-4.53095e+07,-1.92201e+07,2.9064e+07,-5.42935e+06,1.0974e+06,2.86701e+07,-9.64021e+06,-2.29295e+07,-3.47246e+06,-4.17474e+07,-3.57264e+07,-1.57785e+07,5.17981e+06,-2.13566e+07,-3.4779e+07,-2.04087e+06,5.40115e+07,7.02477e+06,8.72825e+06,-1.10686e+07,-2.43293e+07,2.20892e+06,-4.47389e+06,-4.82248e+06,225096,-2.07553e+07,4.87992e+07,2.34134e+07,7.40012e+06,-1.20606e+07,-1.36714e+07,-632038,-4.10358e+06,7.99574e+06,8.27088e+06,-4.36717e+06,1.76278e+06,-3.21238e+07,-3.50204e+07,5.02112e+06,5.21282e+07,-5.37107e+06,2.4721e+06,1.55693e+07,1.82364e+07,-7.57958e+06,-3.1602e+07,1.79299e+07,5.46287e+06,1.65758e+07,-2.90092e+06,-1.46279e+07,6.28314e+06,-2.32121e+07,2.28215e+07,-2.39556e+07,-4.54037e+06,1.8739e+07,3.79314e+06,-2.17105e+07,4.40849e+06,2.24463e+07,1.07176e+07,2.19752e+07,-773275,1.29397e+07,-1.17734e+07,1.97765e+07,-3.86598e+07,1.22333e+07,-2.06531e+06,-3.5599e+07,1.48708e+07,-5.60286e+07,-7.27893e+06,2.97081e+07,-2.19096e+06,-1.05156e+07,1.5025e+07,-2.48981e+07,-1.64272e+07,3.26898e+07,4.18125e+07,4.59004e+06,1.90942e+07,1.66459e+07
-1.33618e+07,4.48329e+07,5.61534e+07,473619,-1.20123e+07,-1.41501e+07,-2.65604e+07,-6.61727e+06,-1.34169e+07,7.20931e+06,-1.54308e+07,-4.83547e+07,-2.94366e+07,8.00205e+06,6.31873e+06,-1.99982e+07,662765,-1.48393e+07,1.65243e+07,-2.01065e+07,-6.95518e+06,2.20376e+07,1.98965e+07,-1.38215e+07,-1.41768e+07,1.50397e+07,9.72701e+06,-8.05531e+06,1.80059e+07,1.32966e+07,2.99602e+07,-6.68396e+06,4.52528e+06,7.18516e+06,1.19772e+07,1.25187e+07,1.04255e+07,2.07736e+07,-1.33919e+07,1.5775e+07,-2.0726e+07,2.99786e+07,3.49655e+07,-2.45584e+07,-8.1803e+06,5.2826e+06,-1.85849e+07,-9.70962e+06,1.74951e+06,-704652,3.03699e+07,-1.33656e+07,-1.21035e+07,295823,-2.59828e+07,-1.84809e+07,1.54168e+07,1.31203e+07,-5.18936e+06,1.00771e+06,-1.67405e+06,-2.53746e+07,-1.47005e+06,413386,-1.77619e+07,9.19996e+06,-4.65727e+07,3.24268e+07,2.80799e+06,1.93377e+07,1.29668e+07,-1.35516e+07,-7.54436e+06,-1.26896e+07,2.26132e+07,-1.90571e+07,-2.33982e+07,4.15649e+06,4.99912e+07,2.16449e+07,1.10796e+07,5.06993e+06,-2.93276e+07,-1.44338e+07,-4.81303e+07,1.73474e+07,1.09934e+07,2.27032e+07,-734762,2.32202e+07,3.55465e+06,-1.67949e+07,1.49055e+07,-1.90295e+06,-3.34927e+07,1.25119e+07,-1.34304e+07
-3.41874e+07,1.77713e+07,3.01451e+07,-5.60628e+07,-1.9086e+07,1.54372e+07,-5.06391e+06,6.90138e+07,-2.54267e+06,3.14275e+07,1.958e+07,5.03704e+07,-484803,2.86933e+07,8.45673e+06,-6.70734e+06,-2.32506e+07,5.66059e+07,-5.95956e+06,-7.81238e+06,-2.17243e+07,-1.88612e+07,5.20707e+06,3.78261e+07,1.25701e+07,-1.28515e+07,-9.89814e+06,2.37185e+07,8.13855e+06,-2.19514e+07,-2.40756e+07,8.79436e+06,3.82192e+07,-1.52932e+07,7.09841e+07,2.65506e+07,-3.82059e+07,8.74871e+06,3.41435e+07,2.57635e+07,-5.73145e+07,-2.62976e+07,7.95542e+06,-9.66142e+06,-2.09723e+07,-1.35404e+07,1.86456e+07,4.35821e+07,-1.89605e+07,2.27495e+07,-7.08937e+07,-1.00787e+07,1.50423e+07,-1.44005e+06,3.17727e+06,2.74299e+06,-1.36829e+07,-1.62141e+07,-4.25436e+07,3.64031e+07,-6.07227e+07,2.49185e+07,4.11578e+07,-3.00675e+07,-1.50687e+07,-3.85183e+07,2.4679e+06,3.47347e+07,-3.75322e+06,5.66908e+07,6.25137e+06,2.35269e+07,-1.5704e+07,-5.40059e+06,3.79361e+07,4.12365e+07,-3.68572e+07,1.38673e+07,6.33539e+06,3.01216e+07,6.29876e+07,-1.05588e+07,3.88897e+07,-2.72307e+07,3.65155e+07,2.07706e+07,2.43237e+07,1.05167e+07,1.44272e+07,-2.8906e+07,5.20753e+07,4.78028e+07,8.65391e+06,2.16325e+07,2.31943e+07,-6.7015e+07,-3.82815e+07
-1.44485e+07,4.90603e+07,-4.02576e+07,-3.17194e+06,-5.85998e+06,-1.70123e+07,-977981,5.67008e+06,-4.16603e+07,-1.06904e+07,-5.36981e+06,-3.48293e+07,-1.2287e+07,2.94549e+07,-1.94627e+07,1.62814e+07,2.58178e+07,3.35224e+07,-1.81937e+07,7.4759e+06,1.32497e+07,-1.91427e+06,-1.17041e+07,2.28531e+06,3.96032e+06,1.49155e+07,-1.92215e+07,5.58041e+07,-2.30965e+07,2.75394e+07,-5.37339e+06,1.753e+07,-164782,-4.95772e+06,-1.48749e+07,-1.22228e+07,-6.02813e+06,-1.57523e+07,-4.10846e+07,2.65927e+07,-838009,-2.62529e+07,-5.36553e+06,1.80741e+07,1.31949e+07,-7.40448e+06,-5.85613e+06,2.55954e+07,-1.47133e+07,3.43298e+07,-2.25583e+07,-1.79361e+07,-1.87773e+07,6.46547e+06,7.72492e+06,4.0642e+07,-6.73644e+06,-1.38973e+07,1.37112e+07,2.93392e+07,3.18484e+07,3.28974e+07,1.1925e+07,-3.29191e+07,722616,1.72482e+07,-3.09215e+07,3.87915e+06,6.69178e+06,-6.10547e+07,-5.8836e+06,2.06353e+07,-4.18154e+06,1.02492e+07,5.10637e+07,-3.76938e+06,-1.64963e+06,3.72124e+06,-8.69442e+06,7.37892e+06,-5.44746e+06,9.55739e+06,-2.79105e+07,3.75991e+07,-2.78469e+07,-2.10903e+07,1.8861e+07,1.25281e+06,-7.29882e+06,631806,-2.1876e+07,1.28873e+07,5.54866e+07,4.20651e+07,7.90679e+06,-2.29197e+07,-3.90559e+07
2.68945e+07,-7.89239e+06,2.56671e+06,-1.07717e+07,-592343,-1.0187e+06,-3.44821e+07,1.82744e+07,2.66243e+07,-1.60967e+07,-2.75196e+07,6.65726e+06,-1.76437e+07,4.14862e+07,2.16319e+06,2.82468e+07,-1.82542e+07,2.18606e+07,6.33402e+06,2.94558e+07,-8.10533e+06,-8.31646e+06,-1.29957e+07,1.76313e+07,-3.48141e+06,-2.74481e+07,1.7788e+07,4.54765e+07,8.36411e+06,1.20198e+07,-801038,2.4734e+07,4.11896e+07,2.99201e+07,2.07256e+07,8.10564e+07,-1.87329e+07,-1.42943e+07,2.20537e+07,3.38594e+07,-8.92208e+06,-6.03586e+06,2.59296e+07,-1.23547e+07,-1.37542e+07,-2.45785e+07,1.45885e+07,-3.05406e+06,-2.01404e+07,-1.42173e+07,-4.53406e+06,1.03671e+07,8.2646e+06,2.72355e+07,-1.03379e+07,-3.75785e+07,-9.27828e+06,1.35526e+07,4.68085e+06,-2.39245e+06,-1.11449e+07,1.59663e+07,-1.88714e+07,2.39758e+07,-3.63253e+07,1.2927e+07,-2.86382e+07,9.96577e+06,1.75846e+06,4.33296e+07,2.02289e+07,1.1861e+07,1.40664e+07,2.77554e+07,1.86652e+06,1.28905e+07,2.204e+06,7.67275e+06,-3.31308e+06,2.27281e+07,-6.66469e+07,-8.74876e+06,-2.66262e+06,-2.87583e+07,9.1814e+06,-4.8546e+07,-2.62334e+07,-2.35257e+07,4.49568e+07,-2.10506e+07,3.58798e+07,-1.16734e+07,-1.80101e+06,-8.88537e+06,-1.5995e+07,7.32394e+06,-9.36379e+06
1.45935e+06,1.76511e+07,2.4412e+07,-1.21509e+07,-3.73464e+07,-3.65306e+06,-3.06312e+06,-2.68497e+07,1.21487e+07,3.50649e+07,-3.26319e+07,-6.7296e+07,-5.69426e+06,1.12283e+06,1.46097e+07,2.90801e+07,1.15872e+07,9.37249e+06,1.79164e+07,4.34972e+07,-1.96892e+07,1.84839e+07,-1.4582e+07,-7.28142e+06,3.90375e+07,-1.05753e+07,-1.20458e+06,-4.17634e+07,2.05621e+07,-1.8152e+07,-2.53676e+07,-5.06667e+06,-1.58453e+07,-5.64368e+06,1.69142e+07,-9.21779e+06,1.30188e+06,-5.93741e+06,-2.34738e+07,2.72638e+07,-3.28148e+07,-7.55656e+07,-2.49965e+07,-2.5363e+07,1.20297e+07,6.29855e+07,2.30257e+07,2.81827e+07,6.78953e+06,2.16199e+07,6.4986e+07,-2.54236e+07,-1.76667e+07,-1.06289e+07,1.6492e+06,8.60793e+06,-4.22286e+07,4.72692e+06,2.49119e+07,-950412,-1.43391e+07,1.28896e+07,-1.42894e+07,-3.53739e+07,1.49967e+07,-2.27294e+07,-4.99871e+07,-3.23185e+06,1.59955e+06,-2.42805e+07,4.05853e+07,-6.41269e+06,1.7956e+07,5.60509e+07,-4.33821e+07,-4.87162e+07,-6.17031e+06,6.5348e+06,-6.6531e+06,-2.68561e+07,2.57409e+07,6.10647e+06,-2.86515e+06,2.51835e+07,1.92812e+07,-4.05937e+06,1.66955e+07,3.46287e+06,3.23196e+07,-2.16613e+07,-2.51914e+07,8.70522e+06,9.38106e+06,4.85527e+07,2.13151e+07,-2.30619e+07,-3.59539e+06
-2.43002e+07,-21795.1,-1.27688e+07,2.65884e+07,-9.08767e+06,1.87035e+07,1.20691e+07,2.11503e+07,3.17479e+07,-3.87417e+06,1.09692e+07,3.25732e+07,8.89689e+06,-2.06372e+07,4.09733e+07,5.43826e+06,1.74836e+07,4.54234e+07,2.71092e+07,5.11695e+06,-1.73718e+07,-1.82076e+07,-2.58551e+07,2.11342e+07,1.28398e+07,-1.01438e+07,1.90716e+07,1.48545e+07,-1.21492e+07,-2.83309e+07,-2.54385e+07,-1.23969e+07,9.97786e+06,-1.79102e+07,2.95011e+07,-4.15921e+07,2.10439e+07,-2.40366e+07,-3.63492e+07,-3.50539e+07,-2.88072e+06,-2.97162e+06,-5.38468e+06,1.30255e+07,-1.2405e+07,4.27141e+06,1.02433e+07,-2.321e+07,2.88422e+07,-5.81793e+06,-1.77619e+07,1.84441e+07,1.1431e+07,3.23821e+07,-8.16885e+06,-1.96704e+07,-8.99503e+06,-1.80237e+06,5.98798e+06,-1.53504e+07,-2.39926e+06,1.05604e+07,2.12152e+07,9.88595e+06,-1.07396e+06,3.61454e+06,-2.22061e+06,-2.90486e+07,9.44853e+06,1.1894e+07,2.18238e+07,-8.25669e+06,-4.55402e+07,2.50259e+07,-1.72324e+07,-6.12118e+06,2.15595e+07,-6.90098e+06,3.84027e+06,-5.04024e+06,-2.62467e+07,-1.67328e+07,3.01509e+07,-1.67473e+06,2.07789e+07,-1.81454e+07,-7.95128e+06,-4.00371e+06,1.04322e+07,5.4745e+06,2.17902e+06,7.14857e+06,-9.54468e+06,2.64828e+07,5.29245e+07,-3.05631e+07,-2.24733e+07
2.70689e+07,2.10322e+07,-2.74035e+07,-2.14826e+07,904485,2.88083e+07,-3.93923e+07,-1.49406e+07,3.32382e+06,4.96986e+06,-3.32173e+07,-1.5723e+07,-1.64108e+07,2.30344e+07,-1.29399e+07,1.42618e+07,-1.29233e+07,2.74278e+07,1.14764e+07,3.13579e+07,3.70161e+07,9.61409e+06,-1.12252e+07,-2.97183e+07,-5.88601e+07,5.63964e+06,1.21938e+07,1.64685e+07,-1.54748e+07,2.51747e+07,1.99504e+07,-2.59825e+07,-2.8698e+07,6.8171e+06,-6.6687e+06,2.01269e+07,4.46657e+07,2.27329e+07,1.58064e+07,-5.69446e+07,1.28043e+06,-1.28108e+07,-2.99285e+07,-1.10954e+07,3.21068e+07,3.90662e+07,2.91043e+07,-1.56976e+07,-4.34359e+07,-2.00731e+07,-9.80797e+06,3.24791e+07,-1.80567e+07,2.49184e+07,2.55956e+07,-1.95913e+07,1.39572e+07,-3.69673e+07,96220.9,-2.55294e+07,-181866,5.78258e+06,-1.34052e+07,5.96864e+06,-4.01342e+07,4.31926e+07,-3.49553e+07,-8.71574e+06,1.34796e+07,4.20766e+07,-2.72498e+06,2.54373e+07,9.97563e+06,-4.63169e+07,3.21713e+06,2.24697e+07,1.60747e+07,-6.10179e+06,-3.28369e+07,1.24295e+07,-4.28046e+07,-1.15761e+07,2.06208e+07,-4.31721e+07,-4.24881e+07,-7.13608e+07,-1.20056e+07,685239,-9.23145e+06,8.24331e+06,-2.16375e+06,1.15815e+07,1.92178e+07,-1.93128e+07,-2.70748e+07,2.98231e+07,2.74582e+07
-4.85889e+06,327195,-2.82797e+07,2.71434e+07,1.92403e+07,-1.65569e+07,-3.02307e+06,3.09138e+06,-1.18245e+07,6.2065e+07,7.25391e+06,1.35983e+07,3.425e+06,2.91825e+07,9.67832e+06,4.89347e+06,-2.12196e+07,9.82668e+06,9.39617e+06,-1.73915e+07,-1.07434e+07,-4.00423e+07,-2.69888e+07,3.99258e+07,-2.02514e+07,2.01668e+07,-32139.8,1.68684e+07,-6.11108e+06,-4.90922e+06,-350633,-1.29682e+07,3.87275e+06,-1.77432e+07,1.17321e+07,-382993,5.23064e+06,-2.20709e+07,-2.00592e+07,-1.99774e+07,-6.20184e+06,-2.31912e+07,-4.23472e+07,3.02576e+07,-2.51867e+06,-8.38094e+06,3.66893e+07,577536,-1.2871e+07,-3.93392e+07,2.44983e+07,5.12335e+07,1.94655e+07,1.89065e+07,-3.04241e+07,-3.19692e+07,-1.98777e+06,-4.16131e+07,1.65444e+07,2.68876e+07,1.19411e+07,-4.38238e+07,-2.70524e+07,1.56316e+07,-3.00413e+07,3.77224e+07,-81671.2,-8.97862e+06,-8.88383e+06,-3.0953e+07,-905351,9.73382e+06,-1.06108e+07,-2.387e+07,2.68494e+07,1.0113e+07,-1.23879e+07,8.06385e+06,8.7021e+06,4.68722e+06,-1.77627e+07,1.01898e+07,-5.15181e+06,-3.83363e+07,1.0262e+07,6.66553e+06,2.84242e+07,6.58238e+06,7.59174e+06,2.11212e+07,-3.59802e+07,-2.93992e+07,2.84176e+06,1.41747e+07,-2.03617e+06,-1.27895e+07,8.87208e+06
7.39258e+06,-3.75391e+06,-2.63241e+07,6.04476e+06,1.5556e+07,1.22542e+07,-3.19388e+07,1.43249e+07,-1.77516e+07,2.05131e+06,4.20704e+06,3.34247e+07,1.22451e+07,-1.0474e+07,-2.08401e+07,5.19172e+06,1.42366e+07,1.35157e+07,-2.17518e+07,-1.94175e+06,-507753,2.40938e+07,1.99066e+06,1.4671e+06,1.5658e+07,2.07245e+06,1.58579e+07,-2.01557e+06,-967928,3.31012e+07,-2.14962e+07,3.35322e+07,-3.60536e+06,377203,-5.67891e+06,1.15283e+07,4.27493e+06,9.11232e+06,-3.74439e+06,6.92598e+06,-9.82757e+06,6.41828e+06,3.48283e+07,-4.58044e+06,-9.2106e+06,-7.79701e+06,5.66768e+06,-3.14999e+07,-1.04245e+07,6.75568e+07,-1.06952e+07,-1.80647e+07,-1.0612e+07,-4.17819e+06,2.63175e+07,7.66546e+06,1.85358e+07,2.96303e+07,2.26123e+07,-2.07445e+06,401261,-3.30612e+06,2.45164e+07,8.87481e+06,-1.32245e+07,-2.06897e+07,2.62408e+07,-6.79603e+06,-1.57962e+07,-1.13938e+06,-4.67601e+07,-2.72165e+06,-2.94918e+07,1.43384e+07,8.11712e+06,-2.10565e+07,-2.6285e+07,2.03162e+07,-2.39653e+07,-1.45893e+06,-3.08143e+07,9.39146e+06,8.69402e+06,-606455,-4.74387e+06,215761,-1.44352e+07,5.77316e+06,6.96623e+06,-2.42336e+07,1.1773e+07,-1.67537e+07,-2.95097e+07,2.9299e+07,-2.15941e+07,2.80193e+07,1.60003e+07
1.64524e+07,-1.80156e+07,-1.83472e+07,-5.94945e+06,3.81451e+07,2.69051e+07,5.53873e+07,-1.33794e+06,-1.44537e+06,2.73156e+07,2.43138e+07,2.21895e+07,8.39909e+06,-3.14405e+07,-1.64714e+07,1.30545e+07,-2.82633e+06,2.47806e+07,-1.30243e+07,-8.49348e+06,-5.37212e+07,-1.23056e+07,-4.36225e+07,5.24131e+07,-2.57939e+07,-2.23906e+06,-2.09381e+07,-1.24055e+07,-1.12614e+07,-3.95244e+06,-1.51681e+07,2.87797e+07,-6.76929e+06,-1.62871e+07,-1.15935e+07,1.53355e+07,-2.11074e+07,-5.66627e+07,3.11478e+07,-1.77242e+07,-1.05071e+06,-1.69855e+07,-9.38197e+06,7.21761e+06,2.96399e+07,-6.0876e+06,4.90297e+07,1.49603e+07,1.72138e+07,-3.06967e+07,-5.03492e+06,2.24704e+06,2.758e+07,-3.19726e+06,-4.39838e+07,-1.62171e+07,4.03096e+07,-6.2672e+06,3.26577e+06,3.32552e+07,1.08285e+07,1.22998e+07,2.32363e+07,-6.75397e+06,6.37788e+06,5.8703e+06,2.64258e+07,-1.6738e+07,-2.05702e+07,-9.75338e+06,-1.85605e+07,-1.35507e+07,-1.70112e+07,5.28566e+06,-3.21019e+07,1.28145e+07,-3.70889e+07,3.5987e+07,-4.88943e+07,-2.18031e+07,-1.81171e+07,-3.55976e+07,-1.06666e+07,1.47581e+07,6.33985e+06,2.42111e+07,8.28508e+06,9.82404e+06,2.056e+07,-2.76998e+07,-4.65262e+07,1.04158e+07,7.00809e+06,2.20832e+06,-6.70473e+06,2.2019e+07,-9.59258e+06
-1.51317e+07,-240954,2.70729e+07,1.53534e+07,1.48584e+07,-9.16723e+06,-3.80757e+06,194845,4.35434e+07,4.17876e+07,-8.21986e+06,-3.44038e+06,375936,1.02429e+07,-3.77132e+06,-9.98203e+06,4.79026e+06,8.79465e+06,3.49555e+07,1.46171e+07,7.19643e+07,8.88037e+06,-2.3957e+07,-5.58495e+06,1.12378e+07,-4.93408e+06,-3.1108e+07,1.47084e+07,1.51684e+06,931111,-1.07384e+07,8.7628e+06,1.37269e+07,-1.4108e+07,2.07671e+07,-8.02779e+06,-1.39907e+07,2.39921e+07,4.34642e+06,-3.28049e+06,-5.64251e+06,-2.36223e+07,-9.96742e+06,1.8335e+07,-6.40392e+07,2.50058e+07,-2.87206e+07,2.8805e+07,2.37091e+07,4.74349e+06,-3.01967e+07,-1.59771e+07,1.36632e+07,4.38434e+07,902374,-1.9213e+07,2.36161e+07,1.94741e+07,-2.06392e+07,1.16664e+06,2.86077e+07,-2.51897e+07,-4.00166e+06,6.35108e+06,-1.48599e+07,-8.30056e+06,-1.06758e+06,-2.9481e+07,1.52487e+06,-1.54822e+07,1.92314e+07,3.37216e+07,-1.75482e+07,3.87328e+07,7.18327e+06,-1.08078e+07,4.83545e+07,-1.89082e+07,1.34674e+07,1.44092e+07,-3.06702e+07,-4.43325e+06,2.99058e+07,1.34624e+07,-2.73738e+07,9.82598e+06,-1.27082e+07,-1.13092e+07,1.36367e+07,3.41654e+06,-2.33252e+07,6.54569e+06,-1.06952e+06,-1.11228e+07,7.26454e+06,-2.85057e+07,1.39431e+07
3.02233e+07,-5.85199e+06,-4.53166e+06,1.58899e+07,-1.52227e+07,9.20587e+06,-3.86297e+06,-2.52102e+07,-8.31734e+06,2.52483e+07,-1.01209e+07,4.72022e+06,-3.48577e+07,1.71122e+07,2.05719e+07,-1.0825e+07,-1.29343e+07,2.41307e+06,5.02405e+06,480122,3.01924e+06,-1.74967e+07,-3.67134e+07,-553641,3.76436e+06,-5.44305e+06,-1.17362e+07,-3.54119e+07,-2.83973e+07,-4.9606e+06,-2.32944e+07,9.93635e+06,2.66079e+06,6.88225e+06,2.17078e+07,3.04803e+07,5.49567e+06,-1.9486e+07,1.79303e+07,-3.42874e+06,1.65579e+07,2.14244e+07,3.60631e+07,4.61288e+06,1.24565e+06,1.94447e+07,3.01423e+07,-1.24251e+07,3.74517e+07,2.87161e+06,3.02028e+07,1.18754e+06,-2.25771e+06,-2.01003e+07,-5.4862e+06,-3.51801e+07,2.91895e+07,1.75181e+07,6.55079e+06,-4.34703e+06,-2.94358e+07,1.72523e+07,8.25786e+06,1.49105e+07,-2.28053e+07,-1.02347e+06,-3.94434e+07,-1.93215e+07,1.38962e+07,3.41755e+07,7.61159e+06,4.69938e+06,1.18104e+07,2.93778e+07,4.26559e+06,1.28067e+07,1.98429e+07,-7.34786e+06,-7.38349e+07,2.34022e+07,-4.00577e+07,-3.68008e+06,1.89468e+07,-3.57328e+06,-4.99373e+07,-2.56236e+07,5.34929e+06,-2.48291e+07,7.8861e+06,2.78542e+06,1.31074e+07,-3.50193e+07,-2.81459e+06,-2.12804e+07,-7.08031e+06,6.37359e+06,2.84622e+07
-1.99335e+07,4.91372e+07,-1.84654e+07,-9.35581e+06,-1.18944e+07,-9.38285e+06,9.31109e+06,4.88835e+06,-5.51233e+06,-7.33546e+06,1.32432e+07,7.34358e+06,7.39652e+06,-8.65838e+06,1.0321e+07,1.72992e+07,-2.10577e+07,-2.77637e+07,4.72278e+06,1.13652e+07,-4.80438e+06,-1.3382e+07,1.13293e+07,-2.86566e+07,-589354,3.69843e+06,2.14862e+07,2.87169e+07,2.73259e+07,4.88953e+07,3.77303e+06,8.25841e+06,-5.80971e+06,1.82242e+07,6.60155e+06,1.15684e+07,-4.38885e+06,-5.76208e+06,1.26711e+07,2.92867e+07,-1.33779e+07,-2.36054e+07,1.07939e+07,-4.759e+07,4.78424e+06,-8.88412e+06,-4.77311e+06,-7.40379e+06,-3.03921e+07,-1.63557e+07,-9.22241e+06,5.52175e+07,-1.9487e+07,2.61564e+07,-1.31677e+07,2.31103e+07,-6.98565e+06,6.586e+06,-2.0337e+07,-1.529e+06,1.19563e+07,-2.0553e+07,3.4989e+07,-2.4663e+07,1.53784e+07,-1.25811e+06,-2.2285e+07,-466303,-2.89864e+07,2.40821e+06,-8.52478e+06,1.48905e+07,1.20621e+07,-1.26276e+07,-2.68183e+07,3.17657e+07,6.10058e+06,5.12515e+06,4.29582e+07,-7.50526e+06,-6.27263e+07,-971134,-2.03211e+07,-2.91523e+07,1.35519e+07,2.338e+07,-1.81161e+07,-1.42997e+07,-1.19738e+07,-5.97126e+06,1.08769e+07,-2.44217e+07,9.93679e+06,-9.99975e+06,252054,2.22208e+07,-7.12177e+06
-1.27743e+07,-1.94512e+07,-1.36048e+07,1.42623e+07,3.90103e+07,-3.16411e+06,2.65271e+07,-1.19792e+07,-2.18708e+07,276639,-1.31106e+07,-9.33747e+06,-3.83208e+07,2.94359e+07,2.60479e+07,1.37875e+07,-2.39327e+07,1.92098e+07,1.275e+07,2.30818e+07,-2.7155e+07,7.20805e+06,1.932e+07,-2.45317e+07,1.43137e+06,4.27819e+07,1.92122e+07,-9.57205e+06,2.79043e+07,6.08014e+06,3.19876e+07,-8.40967e+06,-2.81456e+06,-8.0276e+06,3.68931e+07,-1.25887e+07,1.00097e+07,-2.25891e+06,1.90123e+07,-8.89975e+06,3.49677e+07,3.06858e+07,-1.89135e+07,-1.81711e+07,1.27226e+07,-4.69303e+06,1.69041e+07,-2.52063e+07,1.25912e+07,-4.00864e+07,-1.54871e+07,-9.98189e+06,2.28612e+07,1.30887e+07,-1.98948e+07,3.31246e+07,-2.55597e+07,1.47349e+07,-2.19388e+07,-1.87521e+07,-2.67007e+07,-55538.8,-2.81397e+07,1.5812e+07,3.04197e+07,-6.03499e+06,-2.80538e+06,-6.34654e+06,-2.81022e+07,6.61637e+06,-6.34522e+06,2.94783e+06,2.42056e+06,-1.19698e+06,-1.25316e+07,1.19834e+07,-4.16445e+07,7.03941e+06,3.15438e+06,-1.3182e+07,-1.98298e+07,1.44031e+07,-2.66307e+06,-1.16317e+07,-1.54968e+07,1.8861e+07,1.02177e+06,-1.17542e+07,-1.60183e+07,4.51445e+07,-1.74472e+07,-4.48042e+06,2.53143e+07,-2.19374e+07,-2.05307e+07,4.59116e+07,-1.05625e+06
9.24365e+06,1.61213e+07,-1.88051e+07,-6.44463e+06,3.90538e+07,2.94237e+07,-4.57621e+06,9.42133e+06,5.3337e+06,8.165e+06,-1.02704e+07,1.34208e+06,-2.46241e+07,1.398e+07,-4.04448e+07,1.50697e+07,-4.65057e+06,1.83551e+07,-1.89305e+07,-1.00554e+07,5.6783e+06,1.32049e+07,-4.73985e+06,-956208,-1.63438e+07,2.2303e+07,-1.76868e+07,1.92481e+07,2.09865e+07,-2.67096e+06,5.13972e+06,3.35591e+06,3.0215e+07,8.85207e+06,-9.50443e+06,3.00847e+07,2.01233e+07,-4.90374e+06,1.70421e+06,-1.59342e+07,6.37823e+06,-4.83213e+06,-1.06422e+07,1.32763e+06,-1.7598e+07,-4.04431e+07,2.77325e+06,-9.06004e+06,384658,1.44938e+07,-1.02572e+07,-2.69588e+07,2.27186e+07,-4.88789e+06,3.18287e+07,1.89815e+07,-1.71137e+07,-2.80112e+07,-4.21951e+06,2.45575e+06,7.69e+06,2.27513e+07,1.1408e+06,-1.90688e+07,-2.45215e+07,-8.04643e+06,-3.07369e+07,831184,-3.23463e+06,9.21317e+06,-2.94772e+07,1.59364e+07,-2.41509e+07,3.55857e+06,-4.23334e+06,1.20272e+07,-2.60277e+07,5.19125e+07,1.18458e+07,-1.24533e+07,1.38177e+07,-2.56032e+07,-1.67718e+06,144951,-1.08582e+07,-1.59499e+07,-535767,1.49359e+07,1.6945e+07,-4.13378e+06,-2.24844e+07,1.02589e+07,1.06438e+07,-3.46703e+06,2.6858e+06,1.327e+07,-1.67559e+07
-3.32355e+07,-9.76798e+06,-8.63968e+06,1.53504e+07,2.50516e+07,7.80705e+06,3.16181e+07,-1.64623e+07,5.87297e+07,-4.11914e+06,2.57004e+07,5.09473e+07,3.55212e+07,-1.7635e+07,8.25985e+06,-3.23258e+07,-1.62375e+07,4.75953e+06,-2.21584e+06,6.7546e+06,5.19966e+07,4.27607e+07,-1.97425e+06,-2.62696e+07,-1.24663e+07,1.07024e+07,-3.85553e+06,-3.5089e+07,-1.36879e+07,5.24601e+06,2.56298e+07,2.67485e+07,-3.07553e+06,-2.75258e+07,-4.10939e+06,5.99654e+06,2.04205e+07,-4.36501e+07,-1.2021e+06,3.00158e+07,8.21543e+06,-2.56904e+07,-8.57428e+06,1.23119e+07,-3.08894e+06,-6.78375e+07,5.37374e+06,-2.93887e+07,1.77227e+07,4.52122e+07,2.18168e+07,1.42889e+07,-1.34584e+07,1.94043e+06,-2.57278e+07,-1.81674e+07,-6.31166e+07,-7.10456e+06,-4.71978e+07,4.81028e+06,1.00492e+07,6.27639e+07,-1.60877e+07,-6.97667e+06,1.34668e+07,-856627,-1.4699e+07,-1.24066e+07,-1.97985e+07,3.24925e+07,3.69784e+06,-2.10142e+07,1.42178e+07,9.84885e+06,-3.00225e+07,1.85228e+07,-5.20734e+07,-1.44864e+07,9.24069e+06,-2.64379e+07,-3.81525e+07,-2.46766e+06,-1.94994e+06,-8.73891e+06,3.01924e+07,-7.04463e+06,-2.51083e+07,5.48281e+06,8.25029e+06,1.73823e+06,2.08593e+07,8.43651e+06,1.60462e+07,466824,-5.98646e+06,6.97213e+06,-3.54417e+07
1.38883e+07,-2.13208e+07,1.39129e+07,-1.64233e+07,3.57787e+07,1.58914e+07,4.36865e+07,1.76041e+07,-2.03222e+07,-3.48884e+07,9.81718e+06,-2.03485e+06,-1.6645e+06,-2.49756e+07,3.49893e+07,2.97436e+07,1.21278e+07,-1.67727e+07,-3.66057e+07,4.19949e+07,1.92649e+07,-749483,5.01942e+07,-1.07496e+07,3.62072e+06,-2.74437e+07,-406878,-3.81137e+06,2.36673e+07,7.19442e+06,2.83576e+07,5.96569e+06,-657284,1.59662e+07,-3.15472e+06,5.41708e+06,-1.99933e+07,2.1469e+07,3.93005e+07,1.2583e+07,-1.10882e+07,-8.97399e+06,-1.77147e+07,-1.63962e+07,3.37463e+07,-1.91185e+07,-1.02509e+07,1.66325e+07,-1.58307e+07,-3.64364e+07,-3.86767e+07,4.42927e+06,3.47258e+06,2.88695e+07,-8.91127e+06,2.24074e+07,200406,4.94894e+06,-2.1052e+07,-3.41923e+06,8.70492e+06,1.65114e+07,1.74622e+07,-2.23317e+07,4.63237e+07,-2.14033e+07,1.34843e+07,-6.92461e+06,-3.35089e+07,6.14863e+06,-1.31783e+07,1.34259e+07,4.38899e+07,631605,-1.3007e+07,2.24614e+07,4.23181e+07,2.77196e+06,-246134,-1.85485e+07,-1.47349e+07,-822444,1.72716e+07,4.43597e+06,2.88888e+07,-4.76856e+06,-2.03202e+07,-1.94507e+06,7.49659e+06,-3.51487e+07,1.65402e+07,-1.79425e+07,4.76025e+06,1.89455e+06,2.40284e+07,5.59838e+06,5.40834e+06
-1.22069e+07,3.50257e+06,3.06853e+06,-3.3475e+07,-2.63799e+07,-1.7552e+07,5.08839e+06,8.00771e+06,-5.02119e+06,-1.36889e+07,1.49268e+07,4.63728e+06,1.31475e+07,-2.62386e+06,1.47431e+07,1.68584e+06,-1.39244e+07,1.83759e+07,-2.01369e+07,-8.38283e+06,-422589,-1.57863e+06,-4.09085e+06,3.38679e+07,4.15064e+06,-1.6622e+06,-2.49309e+07,2.1142e+07,1.23638e+07,2.24917e+07,-1.25287e+06,9.97334e+06,-8.55562e+06,1.20652e+07,8.91793e+06,6.73793e+06,-1.08391e+07,-4.15365e+07,-2.49527e+06,8.55003e+06,-2.49603e+07,-3.54751e+06,608376,-1.21057e+07,7.71793e+06,1.30229e+07,2.48763e+07,1.0547e+07,-43072.8,3.49614e+07,-1.22712e+07,-3.53663e+07,1.1446e+07,-1.87682e+07,-2.37365e+07,1.76912e+07,1.27654e+07,-777813,-4.11359e+06,12993.5,-2.26671e+06,1.11844e+07,1.13468e+07,4.0521e+06,-1.04509e+07,-2.40794e+07,-1.209e+07,1.36e+07,3.94647e+07,-2.43351e+06,1.86119e+07,3.46335e+06,-2.13198e+06,-9.63025e+06,-2.40742e+07,-1.03306e+07,-2.31803e+07,7.42962e+06,9.82588e+06,-1.7131e+07,5.19361e+06,1.49222e+07,-3.52657e+07,-7.59929e+06,501253,1.29076e+07,-1.04524e+07,-2.21861e+07,5.68664e+06,-1.29491e+07,3.05014e+07,6.99508e+07,3.7796e+06,1.22533e+07,-3.00764e+07,2.36341e+07,-4.23652e+07
-1.57915e+07,-1.41462e+07,-1.23516e+07,-1.47783e+06,2.04497e+07,-3.14737e+06,-6.11248e+06,3.32073e+07,-5.29042e+07,-9.9767e+06,-2.63904e+07,3.77647e+07,2.28067e+07,-1.02943e+06,-3.40956e+06,4.25159e+07,-7.43159e+06,2.98459e+07,1.53643e+07,1.56313e+07,4.22533e+06,-1.38865e+07,5.23613e+07,1.10909e+06,3.95419e+06,9.28029e+06,-2.06162e+07,1.73912e+07,1.29799e+07,2.58483e+07,2.79934e+07,2.25294e+07,-4.18211e+07,-3.71509e+07,3.17632e+07,6.63219e+06,1.55045e+07,2.94716e+07,2.60245e+07,-9.13345e+06,-2.69511e+07,-2.04568e+07,-1.39412e+07,-1.42748e+07,-3.06612e+07,2.32388e+07,-4.56645e+06,-5.78457e+06,1.3429e+07,6.08563e+06,5.32691e+06,3.77702e+07,-1.21956e+07,2.95818e+07,1.62598e+07,4.9996e+07,3.48973e+07,1.86756e+07,3.38113e+06,1.60909e+07,6.23282e+06,-3.04727e+07,3.41937e+07,-4.01371e+06,3.40565e+07,-1.70328e+07,-1.36594e+06,1.25352e+07,-1.15251e+07,-1.97246e+07,4.03416e+07,1.73925e+07,-1.5125e+07,-1.82263e+07,8.66766e+06,-2.12513e+07,-1.07373e+06,2.02671e+07,3.82456e+07,-8.30125e+06,-8.58089e+06,-4.90738e+07,1.62524e+07,7.60872e+06,-1.89286e+07,1.19703e+07,-2.12055e+07,-2.63022e+07,1.57217e+07,2.40154e+06,2.48049e+06,-4.68729e+07,2493.83,-4.11239e+06,6.95032e+06,3.13298e+06,-1.03687e+07
5.43498e+07,-4.37401e+07,-5.42182e+07,-209593,-1.49462e+07,9.06768e+06,4.5457e+07,844688,2.05159e+07,3.476e+07,7.34883e+06,2.41476e+07,7.13607e+06,-1.6466e+07,-1.90223e+07,1.95119e+07,-3.7005e+07,-4.74868e+06,-62217.8,5.6307e+07,2.68492e+07,4.14458e+07,-1.76636e+07,1.97146e+07,3.43013e+07,1.76063e+07,-2.81883e+07,-7.04388e+07,-6.53845e+06,-1.90605e+07,3.71348e+06,2.92137e+07,3.11118e+07,-4.96726e+07,2.21719e+07,-6.22959e+06,8.24705e+06,-5.12662e+07,-3.22543e+07,3.17511e+07,-706907,-7.62329e+07,-2.83106e+07,2.03846e+07,1.97506e+07,3.90895e+07,4.83832e+07,1.45436e+07,3.57567e+07,-2.32559e+07,1.32588e+07,4.34623e+06,2.90777e+07,1.32405e+07,-1.09868e+07,1.86152e+07,-7.31913e+07,1.72267e+07,-5.49635e+06,2.40129e+07,-2.24693e+07,1.04582e+07,-2.05846e+07,-9.24756e+06,1.16247e+07,3.53911e+06,-2.34518e+06,-2.86286e+06,-2.15047e+07,2.63799e+07,-6.84703e+06,5.16097e+07,2.88702e+06,5.57208e+07,-5.10378e+06,-3.92803e+07,4.56382e+07,1.07256e+07,-3.86621e+07,-2.43978e+07,-4.72787e+06,2.30005e+07,-1.36975e+07,2.33101e+07,-1.10882e+07,5.48109e+06,-1.97203e+07,-3.58687e+07,2.48464e+07,-1.04657e+07,-1.90296e+07,-4.11756e+06,4.06581e+07,-4.09507e+07,6.29227e+06,2.03169e+07,-1.54629e+07
-1.25702e+07,1.3211e+06,-5.10003e+07,-1.72389e+07,8.02572e+07,3.01283e+07,-3.81025e+06,-5.88874e+07,1.89786e+07,3.19946e+07,-3.68114e+07,1.65445e+07,-4.73212e+07,-1.07676e+07,-5.88062e+07,8.12075e+06,-4.58625e+07,-3.56118e+07,-8.33627e+06,3.57657e+07,-604096,1.88677e+07,2.81723e+07,3.16666e+06,-1.22117e+07,3.59498e+07,1.88681e+07,-1.02412e+07,-2.6141e+07,2.94882e+07,6.17428e+06,-3.63089e+07,1.48673e+07,-4.3572e+07,6.4349e+06,2.04298e+07,-9.78936e+06,-1.12618e+07,1.46978e+07,-2.82071e+07,-9.00603e+06,1.98183e+07,-4.5861e+06,6.24968e+06,1.54908e+06,-1.61419e+07,-5.62748e+06,-7.19479e+06,-8.4112e+06,-3.36822e+07,7.32488e+07,-7.40266e+06,3.12315e+07,-952996,2.0818e+07,2.09987e+07,4.78513e+07,1.97683e+07,5.55872e+07,-2.3224e+06,1.48036e+07,-3.52407e+07,-5.56273e+07,2.45282e+07,-365483,-1.71519e+07,1.46486e+07,-2.34137e+07,8.49096e+06,-2.04687e+07,-1.92348e+07,-5.30642e+06,-3.20568e+07,1.70392e+07,2.67675e+07,-443641,-2.93604e+07,3.50979e+07,3.06647e+07,3.94703e+06,3.46336e+07,2.4153e+07,-3.1058e+07,1.57551e+06,-1.99067e+07,-7.8353e+06,3.12432e+07,2.52696e+07,1.58711e+07,1.18619e+07,-2.95947e+07,-1.39219e+07,-2.70687e+07,9.24122e+06,-1.86514e+07,2.43559e+07,4.62904e+07
-3.22159e+07,7.15011e+06,1.43888e+07,-1.69485e+07,-2.69199e+07,3.03714e+07,-1.8571e+07,2.80735e+07,-5.91152e+07,1.61185e+07,-2.22361e+07,3.49002e+07,2.94517e+07,9.94926e+06,-1.43282e+07,6.42197e+06,1.59369e+07,4.41844e+07,1.48436e+07,3.80281e+06,4.79765e+07,-3.79365e+07,3.19614e+07,-2.15555e+07,-1.30608e+07,-1.42942e+07,1.89973e+07,3.06167e+07,-7.07756e+06,1.91736e+07,-3.42699e+07,4.41261e+06,-3.3383e+07,1.83494e+07,-1.3522e+07,6.92669e+06,-4.15847e+06,4.48784e+07,1.58683e+07,-1.12344e+07,5.04317e+06,6.96349e+06,-1.34272e+07,6.50075e+06,-3.83286e+07,-3.66811e+06,-4.5175e+06,1.29108e+07,-1.81317e+06,4.69396e+06,-1.07445e+07,3.15183e+07,-5.00634e+06,2.25334e+07,2.91477e+07,-3.25158e+06,7.21182e+07,-1.35901e+07,-4.04891e+07,-2.20241e+07,1.39655e+07,-5.44028e+07,2.29308e+07,-1.8003e+07,2.53715e+07,-3.40221e+07,5.26341e+06,-2.07647e+07,4.30282e+07,-1.1349e+06,2.67478e+07,-8.06248e+06,-2.19239e+07,-1.55063e+07,-7.51321e+06,-9.06166e+06,1.62786e+07,3.06278e+07,5.81644e+07,7.9119e+06,7.56003e+07,-1.65037e+07,2.13274e+07,-1.807e+06,2.99801e+06,7.11762e+06,-7.27538e+06,1.07301e+07,-9.77273e+06,3.47458e+07,1.28066e+07,-2.70919e+07,7.88576e+06,1.26533e+07,1.7336e+07,-1.83099e+07,2.28846e+07
-5.10005e+06,-4.04944e+07,-2.76915e+07,-4.46417e+07,-1.47752e+07,-2.21972e+07,-48703,-1.86268e+07,1.37536e+07,-1.29887e+07,-1.30627e+07,7.79032e+06,1.52266e+07,-1.17184e+07,-4.09832e+07,6.97006e+06,-2.66096e+07,-1.06592e+07,-6.65017e+07,1.85844e+07,6.73975e+06,-1.644e+07,2.66599e+07,3.49849e+07,-3.07248e+07,1.11768e+07,1.0336e+07,3.07672e+07,-2.34333e+07,1.39831e+07,-3.9348e+07,1.20023e+07,-2.49853e+07,-1.63904e+07,-1.60923e+07,2.49682e+07,-1.60983e+07,5.25449e+06,3.02879e+07,-1.30359e+07,-2.9418e+07,-1.22813e+06,1.04022e+07,5.36852e+06,2.12801e+07,-1.90466e+07,-6.63956e+06,-2.60311e+07,-2.66516e+06,-3.13916e+07,1.3837e+07,8.7628e+06,1.48473e+07,1.09422e+06,1.51407e+07,7.54739e+06,2.21484e+07,-524972,1.41453e+07,-7.04873e+06,265770,-2.13875e+07,5.6825e+06,2.33414e+07,-9.70005e+06,-8.78875e+06,3.71234e+07,1.10133e+07,4.48132e+07,-8.47449e+06,1.30507e+07,4.44138e+06,2.35444e+07,3.22405e+06,-1.10166e+07,-1.24665e+07,2.59147e+07,-1.78052e+06,-2.90978e+06,-3.86666e+07,2.76897e+07,2.18863e+06,-2.0897e+07,1.7866e+07,-2.00303e+07,-7.4136e+06,6.07725e+06,1.16269e+07,-1.23375e+07,-1.39009e+07,1.87602e+07,5.53898e+06,4.10269e+06,-7.13961e+06,-6.40095e+06,4.47853e+06,9.25977e+06
6.18764e+07,1.23112e+07,1.40269e+07,3.19096e+07,-2.04629e+07,-4.64257e+06,3.42963e+07,-3.08752e+07,-1.76317e+07,-1.04694e+07,1.2138e+07,-2.3719e+07,-2.58376e+06,-2.67372e+07,-2.85449e+07,1.55566e+07,6.63515e+06,-3.48841e+07,4.75048e+07,-1.8606e+07,-8.99376e+06,1.76115e+07,1.41761e+06,-4.75141e+06,1.67942e+07,-2.84196e+07,-2.33786e+07,-3.96559e+06,-3.38463e+07,-4.35007e+07,-444856,9.4463e+06,1.85867e+07,1.89693e+07,9.42941e+06,-2.0401e+06,-4.27247e+07,-2.12376e+07,-3.73846e+07,2.22794e+07,6.12223e+07,1.25841e+07,-1.1217e+07,4.51489e+07,-2.30505e+07,-3.00188e+07,-3.03119e+07,1.16219e+07,1.83704e+07,-3.53972e+07,3.53578e+07,-5.29872e+07,1.72283e+07,-5.86533e+07,-7.92644e+06,-9.71569e+06,-2.77882e+07,5.71577e+06,-2.43702e+07,-3.75898e+06,2.54388e+07,-7.07207e+06,-2.21322e+07,-1.67071e+07,7.25054e+06,-2.19941e+07,-8.40226e+06,3.92376e+07,-2.01336e+06,1.21536e+07,-4.63168e+06,-1.52493e+07,-3.9185e+06,9.39623e+06,-2.70397e+07,2.08802e+06,2.48456e+07,2.37145e+07,-1.14664e+06,2.38452e+07,1.4972e+07,-1.69423e+07,-2.36802e+07,3.15195e+07,3.28605e+07,1.23378e+07,8.22889e+06,-484872,5.75381e+06,1.98471e+07,6.37014e+06,-2.03277e+06,4.16781e+06,-1.52701e+07,-5.25136e+06,-1.47452e+07,2.81257e+07
-3.90293e+07,1.13448e+07,-9.27103e+06,-4.94313e+07,1.43001e+07,3.59451e+06,1.65475e+07,-9.51312e+06,-2.8768e+07,-1.68055e+07,-2.78749e+07,-1.41503e+07,2.69241e+07,2.87544e+07,-9.34282e+06,-1.20159e+07,760784,2.37744e+07,3.92962e+07,2.27496e+07,5.43691e+07,2.6682e+07,-9.86464e+06,-2.29277e+06,2.01391e+07,3.25111e+07,1.14931e+07,-3.00642e+06,-1.23755e+07,3.26067e+07,2.56958e+07,-2.40578e+06,-2.8824e+07,-1.19417e+07,6.57321e+06,2.23273e+07,2.57444e+07,-1.42098e+07,-4.50418e+07,2.45337e+07,-3.12383e+06,4.66148e+06,-5.69879e+07,1.11667e+07,-1.78427e+07,4.84957e+07,-4.63696e+06,8.48198e+06,1.16462e+07,-2.23811e+07,3.59167e+07,-2.35115e+07,-4.50055e+07,-7.86043e+06,-8.28442e+06,2.97808e+07,2.68906e+07,-1.56432e+07,-1.19075e+07,-1.84103e+07,4.36109e+07,7.66262e+06,-5.34187e+07,1.85596e+07,7.63171e+07,2.3431e+07,-5.90981e+06,7.38617e+06,6.76365e+07,-3.24846e+07,5.72093e+07,-515107,-1.6194e+07,-1.84416e+07,6.48486e+06,-4.47423e+07,-5.04181e+07,-1.37814e+07,1.7278e+07,1.1592e+06,-2.23004e+07,1.58152e+07,-3.80348e+06,-1.68173e+07,-1.46811e+07,-4.64498e+07,-3.61268e+07,-3.61153e+07,-8.5869e+06,2.35241e+07,-2.21496e+07,1.43798e+07,-576574,-455736,-4.03167e+07,3.24044e+07,3.4094e+06
2.54472e+07,-5.39679e+06,5.34631e+06,-7.11199e+06,-2.84999e+07,1.22956e+07,-7.03181e+07,-3.98098e+06,8.23588e+06,-2.81682e+06,-2.94718e+07,-7.78967e+06,-3.70394e+07,-3.47224e+07,-2.75233e+06,-2.20981e+06,-2.84391e+07,-3.24371e+07,-5.92299e+06,1.09981e+07,4.36825e+07,-3.12317e+06,1.56533e+07,-2.74991e+07,-4.40439e+07,1.34817e+07,2.44357e+07,-1.08571e+07,-3.01378e+06,1.30071e+07,-1.31475e+07,-3.02665e+07,-2.85494e+07,6.04786e+07,-2.10429e+06,-9.1673e+06,-9.14538e+06,-9.90364e+06,-5.72136e+06,2.36527e+06,3.32536e+06,3.28801e+06,-2.4653e+07,3.68843e+06,5.57106e+06,-1.62228e+07,-1.35118e+06,-3.09104e+07,553670,6.84569e+06,7.4431e+07,-1.96592e+07,1.03971e+07,2.21916e+07,7.4731e+06,-1.24293e+07,1.23933e+07,-1.31393e+07,-3.54043e+07,2.28447e+07,-2.67144e+07,2.4512e+06,-4.9912e+07,-2.12816e+07,-1.57777e+07,-2.81223e+06,1.89676e+07,-8.43523e+06,1.45495e+07,4.69358e+07,820270,-2.59e+07,7.47482e+06,1.63281e+07,-4.25655e+07,-4.79741e+07,-2.49068e+07,-3.59198e+07,-2.74209e+07,4.28513e+07,3.0236e+07,4.82232e+06,4.02659e+07,-4.28223e+06,1.19477e+07,-3.78682e+07,6.1136e+06,7.21333e+06,-2.62709e+07,3.24707e+07,4.8342e+07,3.33186e+07,-4.92325e+07,-2.34708e+07,1.87726e+07,-2.65157e+07,1.93562e+07
4.44066e+07,-1.47578e+07,-1.81424e+07,2.05035e+06,-1.55674e+07,3.63586e+07,-5.50915e+07,-1.19371e+07,8.30687e+06,1.47946e+07,-4.08882e+07,-2.38331e+07,-1.2969e+07,-1.1029e+07,-1.61238e+07,1.55143e+07,9.49504e+06,-2.2525e+07,-2.21855e+07,1.4368e+07,-1.83361e+07,1.26051e+07,3.76381e+07,-1.35323e+07,4.72955e+07,-3.13936e+07,2.1345e+07,-4.61891e+07,1.01101e+07,6.45176e+06,1.09828e+07,3.97132e+06,-1.02343e+07,5.02759e+07,-2.75159e+07,4.95263e+07,-1.87079e+07,-7.67319e+06,2.4126e+07,4.3518e+07,2.45554e+07,244920,8.11551e+06,-3.81105e+07,2.04517e+07,-1.21144e+07,2.16041e+07,2.89064e+07,2.85999e+07,1.44653e+07,2.95839e+07,-2.49e+06,-3.73201e+07,-3.05992e+06,7.69307e+06,2.90887e+07,2.19091e+07,1.98475e+07,1.31629e+07,1.86477e+07,-4.8229e+07,2.93804e+07,1.56799e+07,-1.56214e+07,2.8304e+07,-2.77482e+07,1.6465e+07,1.70889e+07,6.68542e+06,-2.80549e+07,-8.14431e+06,3.12078e+07,-7.18615e+06,3.63146e+07,-1.67965e+07,-2.55804e+07,6.91026e+06,-1.47846e+07,-1.52848e+07,-1.79573e+07,5.01354e+07,-1.17994e+07,1.19442e+07,2.02074e+07,4.77003e+07,-2.07905e+06,1.19704e+07,-2.03576e+07,-352701,-2.16232e+07,3.83748e+06,1.61379e+07,-3.11426e+07,-3.90959e+06,1.79042e+06,-3.48556e+06,1.08364e+07
2.09848e+07,-1.14334e+07,-3.50069e+07,-1.23193e+06,-4.15092e+06,-1.86563e+07,2.80359e+07,2.10899e+07,1.57761e+07,5.29953e+07,-2.99284e+06,1.6666e+07,1.45482e+07,-1.51067e+07,1.31111e+07,-3.32501e+07,2.48744e+07,-1.61766e+07,8.26175e+06,-2.84573e+06,6.66194e+06,-1.65193e+07,3.4559e+07,-623215,2.67501e+07,1.68034e+07,2.9823e+07,-6.86929e+06,-2.421e+07,1.40897e+07,3.97656e+07,-2.2545e+06,-3.55613e+07,2.49161e+07,-4.5632e+07,-6.23288e+06,-889015,-9.00868e+06,-3.77454e+07,1.04002e+07,2.32468e+07,3.78479e+06,-2.29539e+07,1.81119e+07,1.08446e+07,-2.24711e+07,1.23805e+07,-5.50927e+06,-2.82859e+06,1.88245e+07,1.97223e+07,-4.83593e+07,3.51007e+07,-9.28971e+06,-1.4776e+07,2.95313e+07,1.1114e+07,6.68579e+07,-4.38002e+06,-2.25454e+07,9.24113e+06,-7.35238e+06,6.15728e+06,3.49509e+07,2.12361e+07,-2.47876e+07,5.63795e+07,-9.30573e+06,-1.90494e+07,-2.8581e+07,-4.56075e+06,1.12508e+07,-2.21079e+06,1.10264e+07,3.05589e+07,-1.14883e+07,-1.19221e+07,1.39846e+07,2.44986e+06,4.681e+06,-8.65192e+06,1.66807e+07,-2.39338e+07,-6.12275e+06,1.01899e+07,3.2428e+07,-1.23606e+07,2.22213e+07,-7.62445e+06,1.47112e+07,2.67286e+07,1.23609e+07,-3.19251e+07,-3.43355e+07,-1.08866e+07,3.81832e+07,-7.04664e+06
3.42075e+06,-3.76766e+07,6.46411e+07,-653040,-1.16098e+07,-2.782e+07,1.95747e+07,-2.61178e+07,4.72469e+06,3.06e+07,-1.81324e+06,-1.29665e+07,1.27818e+07,3.70029e+07,4.21015e+06,-1.10646e+07,-2.46989e+07,-9.17142e+06,1.54848e+07,-1.40291e+07,-4.87501e+06,1.27008e+07,2.28818e+07,-4.03778e+07,2.1773e+07,-2.8893e+07,-6.62077e+06,3.21901e+07,8.10726e+06,-3.84878e+07,-2.44184e+07,1.10294e+07,3.96167e+07,-3.63059e+06,-2.79983e+07,3.75699e+07,-1.76443e+07,-3.88136e+07,-3.42969e+06,3.15597e+07,1.8132e+07,-4.15425e+07,1.26404e+07,1.36466e+07,-1.67233e+07,4.00188e+06,-2.61414e+07,-2.94114e+07,3.26628e+07,-4.55562e+07,4.87202e+07,1.96175e+07,1.52017e+07,-3.55943e+07,-1.63606e+07,-2.64133e+07,-3.98318e+07,-7.0958e+06,1.12904e+07,-4.15871e+06,639270,3.42201e+07,-1.21346e+07,-1.93494e+07,4.25574e+07,2.44484e+07,1.64328e+07,2.34029e+07,-1.24712e+07,-3.57654e+07,2.37324e+07,1.82405e+07,-7.27811e+06,1.85823e+07,7.29225e+06,2.28528e+07,5.18925e+07,1.88611e+07,2.71852e+07,1.10723e+07,-2.65869e+07,-7.6612e+06,-2.18222e+07,2.1883e+07,1.63217e+07,1.08671e+07,-1.1978e+06,-1.31447e+07,1.67389e+07,2.29739e+07,-2.96583e+06,-2.22683e+07,-1.16343e+07,2.83482e+07,184846,-3.6048e+07,1.30978e+07
1.37248e+07,821426,-2.72538e+07,-1.07116e+07,-3.41168e+06,-2.97241e+07,-1.71104e+07,-4.37923e+07,-2.11819e+07,-1.04099e+07,-6.86572e+06,-3.17387e+07,2.13837e+07,3.53293e+06,-159065,-1.47974e+07,-2.7838e+07,-3.52597e+07,5.24717e+07,5.82225e+06,4.89235e+07,8.99665e+06,2.74855e+07,-8.84156e+06,6.37702e+07,2.2935e+07,-2.14467e+07,1.23795e+06,-1.55195e+07,-2.13511e+07,2.42955e+07,-1.5497e+07,-2.55521e+06,-1.56847e+07,2.4146e+07,-3.07721e+07,-1.34983e+07,-7.8502e+06,-3.47819e+07,-2.62859e+07,-2.33464e+07,7.65384e+06,1.87696e+07,4.17177e+07,5.08799e+06,-2.8368e+07,2.94737e+07,-1.19034e+07,-839699,-1.08046e+06,-1.30357e+07,-2.23041e+07,-3.76079e+07,2.61277e+07,-1.53002e+07,-1.10767e+07,-1.17229e+07,1.13053e+07,2.80686e+07,1.33794e+06,-458997,-4.98574e+07,-1.86096e+07,3.17159e+07,1.55502e+07,-6.60522e+06,-2.213e+07,2.48404e+07,2.09497e+07,-2.67201e+07,4.09271e+06,1.4537e+07,5.54059e+06,-2.98049e+07,1.16642e+07,-2.31286e+07,4.87029e+06,3.01593e+06,-3.50157e+06,2.39589e+07,2.24151e+07,3.69582e+07,-3.13448e+07,-6.83793e+06,8.88394e+06,8.86e+06,6.06862e+07,3.80688e+07,-1.87551e+07,1.23601e+07,-1.76904e+07,6.7914e+06,3.67972e+07,-1.64879e+07,1.3101e+07,-3.38e+07,1.02709e+07
8.99452e+06,-4.52365e+07,-6.66325e+07,-1.68209e+07,-1.91904e+07,1.8093e+07,-5.20377e+07,-4.60395e+07,-3.72226e+06,7.15189e+06,-3.08076e+07,-1.76207e+06,-4.05885e+07,-2.54205e+07,-7.00651e+06,1.28312e+07,-4.63886e+07,-2.81185e+07,1.54703e+07,7.14917e+07,8.50477e+07,905449,-4.03838e+07,2.40117e+06,-1.72245e+07,3.22464e+06,2.77826e+07,3.34706e+07,-4.51757e+07,6.82443e+07,-3.87645e+06,3.02466e+07,-1.17091e+07,2.23507e+07,-4.57412e+07,5.61299e+07,1.21971e+07,3.99323e+06,-1.13453e+07,4.32809e+07,-4.78157e+06,-4.00493e+07,1.54784e+06,-3.55936e+06,4.68362e+07,-4.59324e+07,4.79107e+07,-4.01983e+06,-392156,-1.79528e+07,7.66064e+07,3.20372e+07,-6.08639e+06,2.04984e+07,2.44559e+07,-1.20535e+07,1.53213e+07,3.77899e+07,4.17436e+07,3.48073e+07,5.12332e+07,3.70454e+07,-4.35959e+07,1.62888e+07,-4.06579e+07,2.7366e+07,-9.21429e+06,-2.83339e+07,-7.86779e+06,-848012,5.68844e+06,4.23611e+06,5.87392e+06,9.23114e+06,7.18698e+07,-2.09274e+07,7.25821e+07,-4.26777e+07,-1.51425e+07,5.05466e+07,-7.0078e+07,2.02179e+07,-7.26148e+06,1.52178e+07,-5.98101e+07,-4.01282e+07,-8.3268e+06,-2.64194e+07,1.28437e+07,1.5772e+07,-1.45492e+07,-2.72953e+06,-1.88223e+07,-5.4706e+06,-6.17367e+06,-5.91725e+06,4.88193e+07
-2.41928e+07,-2.71963e+07,2.17636e+07,1.57327e+07,1.02682e+07,4.42716e+06,6.83938e+06,-2.58119e+07,2.70941e+07,1.30548e+07,-3.29403e+06,-2.90013e+07,-2.69683e+07,-1.28411e+07,1.53944e+07,-1.28427e+07,-3.3739e+07,-4.25113e+07,1.25313e+07,-6.14362e+06,2.30834e+07,3.12509e+07,-5.12104e+06,-5.96638e+06,-1.23739e+07,-3.3358e+06,1.65119e+06,-3.87125e+06,-2.4296e+06,-2.36935e+07,-2.814e+07,3.46627e+06,1.99388e+07,-1.61504e+07,5.83615e+06,9.82746e+06,-9.19374e+06,-4.30115e+07,659722,2.25747e+07,2.0461e+07,-2.27621e+07,2.39562e+07,13423.2,1.8478e+06,1.58839e+07,5.05154e+06,-1.92065e+07,3.92419e+07,-635325,-1.80876e+06,-3.97695e+07,4.86928e+06,-1.89308e+07,-9.09349e+06,-1.44177e+07,-4.87704e+06,1.06624e+07,4.00184e+07,7.08523e+06,-8.97133e+06,9.48649e+06,-2.61931e+07,-2.78924e+06,-3.81393e+06,1.9258e+07,2.72609e+07,1.21272e+07,-1.40727e+06,-2.31437e+06,-5.81634e+06,-5.55506e+06,-1.13172e+07,9.65531e+06,-1.36522e+07,-1.52473e+06,-6.95738e+06,-1.36163e+07,-2.48888e+07,1.95502e+07,8.85204e+06,-2.72152e+07,-2.43565e+07,2.8334e+07,-1.05663e+07,-8.78142e+06,3.51424e+07,-1.10346e+07,1.46939e+07,-1.2747e+07,547506,1.78008e+07,-1.68926e+07,-8.05555e+06,-2.12918e+07,-3.78935e+07,1.80158e+07
2.25121e+07,-2.00624e+07,2.29507e+07,4.09569e+06,1.02984e+07,1.47502e+07,-3.76416e+07,-1.23987e+06,3.84816e+07,-1.64256e+07,-1.89849e+07,1.07092e+07,-4.70224e+07,1.6548e+07,-4.18866e+07,-2.63451e+07,2.24598e+07,1.58235e+07,1.44274e+07,6.01478e+06,-1.36791e+07,1.88837e+07,-2.28914e+07,1.16143e+07,3.30253e+07,-4.54752e+06,3.78671e+07,-8.07554e+06,2.45415e+07,-4.39192e+06,-2.16082e+07,1.27873e+07,-1.50689e+07,-3.09948e+07,538176,2.68472e+07,1.5612e+07,-3.18349e+07,-4.38839e+06,7.14644e+06,3.08522e+07,-4.97863e+06,1.66494e+07,-1.26294e+07,1.77425e+06,1.76919e+07,-1.3338e+07,562564,-2.35856e+06,9.9795e+06,-5.00323e+07,-1.95282e+07,-4.05607e+07,1.2028e+07,2.68292e+06,-2.86769e+07,-2.66903e+07,6.10501e+06,3.69703e+07,-1.88111e+07,-2.65558e+07,7.50297e+06,-4.6718e+06,-4.32103e+06,8.84968e+06,-5.31192e+06,5.33117e+07,-1.30297e+07,-3.10009e+07,2.60366e+07,-2.32815e+07,7.32449e+06,242247,4.85171e+07,-1.60312e+07,2.62331e+07,1.73239e+07,-4.06443e+07,7.15525e+06,1.22221e+06,-3.72726e+07,6.72044e+06,7.65453e+07,2.86203e+07,-349000,1.13501e+07,9.51039e+06,-1.86253e+07,-481358,-6.18259e+07,1.27833e+07,1.16283e+07,-2.53295e+06,8.23406e+06,-1.91693e+06,-2.86438e+07,-1.45684e+07
1.65208e+07,2.26375e+06,-5.30706e+06,1.12448e+07,3.20923e+07,-4.38626e+06,-2.21046e+06,6.16835e+06,2.00881e+07,-3.81914e+06,-4.47778e+06,1.04782e+07,8.43965e+06,-2.00276e+07,-1.02689e+07,1.42522e+07,2.81388e+06,-3.76513e+07,3.24988e+07,5.58325e+06,2.88352e+07,-2.00562e+07,3.69782e+07,-3.89865e+07,-2.40978e+06,2.94761e+07,-8.10623e+06,-3.13521e+07,-3.74784e+07,2.87989e+06,1.35465e+07,-1.1507e+06,2.7671e+06,-4.61797e+06,1.04882e+07,-2.62769e+07,2.32463e+07,997705,1.26637e+07,-3.7574e+07,1.52859e+07,7.86531e+06,-1.49395e+07,2.6736e+07,-1.40054e+07,-7.31808e+06,-2.47635e+07,1.84399e+07,2.29621e+06,-1.546e+06,2.79897e+07,-1.95376e+06,4.7679e+06,1.66963e+07,-4.86611e+06,2.429e+07,-1.04473e+07,2.54753e+07,-1.13191e+07,1.50829e+07,-1.30932e+07,2.03892e+07,1.46459e+07,4.22398e+06,-2.9121e+06,5.38746e+06,-2.12837e+06,-2.38273e+07,-5.83122e+06,-1.45821e+07,-8.81421e+06,-4.9131e+06,1.48365e+07,8.15977e+06,-1.46749e+07,6.33749e+06,3.17034e+07,-577490,3.81389e+06,-2.46059e+07,-1.37918e+06,1.11134e+07,-1.4744e+06,3.06404e+07,-5.47538e+06,1.23114e+07,-6.81207e+06,3.65016e+07,1.51714e+06,1.18009e+07,1.06492e+07,-1.69851e+07,3.36827e+06,-2.86036e+06,2.75795e+07,2.25493e+07,559943
-2.37114e+07,-1.31956e+07,1.8719e+07,3.24699e+07,2.91446e+07,-940746,5.33618e+07,1.86509e+07,2.95443e+07,1.91654e+07,3.39816e+07,2.29073e+07,-3.57685e+06,1.39696e+07,2.05821e+07,-6.73983e+07,3.62603e+06,-1.29382e+07,3.43575e+07,-1.32042e+07,-4.51913e+06,7.98998e+06,2.53654e+07,-5.5763e+06,-2.67704e+07,-1.53534e+07,-7.29353e+06,-2.08256e+07,7.25461e+06,-2.27604e+07,2.21673e+07,1.83199e+07,-1.60534e+07,2.80684e+07,1.9108e+07,3.98652e+07,-9.13538e+06,-3.13623e+07,2.13019e+07,1.9226e+07,2.61586e+07,9.92319e+06,4.04113e+07,2.19883e+07,-1.454e+07,2.47693e+06,-1.22738e+07,1.04665e+07,2.63675e+07,4.91543e+06,1.21647e+07,-2.32969e+07,-8.83637e+06,-5.3253e+06,-6.48556e+07,-3.64036e+07,3.39526e+07,4.03472e+06,-2.27921e+07,-2.37913e+07,-1.58363e+07,1.36192e+07,-4.99097e+06,-1.04545e+07,1.28302e+07,976935,1.40358e+07,-5.86136e+06,-3.23336e+07,2.21568e+07,-4.26152e+06,-2.59931e+07,5.15396e+06,-2.00539e+06,-4.23394e+07,2.41376e+07,-2.38184e+07,-1.32967e+07,-2.4708e+07,2.48631e+07,-3.57405e+07,-3.85856e+07,1.33152e+07,-1.74097e+07,2.71629e+07,1.72235e+07,3.9663e+06,2.4602e+07,2.56913e+07,-1.87059e+06,-931953,-1.82891e+07,-1.73642e+06,-1.12919e+07,-1.93091e+07,1.57378e+07,-2.63924e+07
1.49407e+07,-8.69082e+06,2.98593e+07,5.63879e+07,-1.38804e+07,501224,-4.03587e+07,-7.92828e+06,-1.17499e+07,-5.00388e+07,-7.58475e+06,6.21896e+06,1.52469e+07,8.24718e+06,-9.83453e+06,1.45293e+07,-2.24458e+07,-4.0516e+07,-2.02712e+07,-4.57477e+07,9.96622e+06,-1.13577e+07,1.0353e+07,-3.3697e+07,-2.81813e+06,4.14092e+06,-1.5892e+07,5.08211e+07,-2.67354e+07,-9.23408e+06,-3.71604e+07,-4.05409e+06,-2.16485e+07,1.20948e+07,3.10621e+07,-1.84633e+07,-3.18705e+07,2.58164e+07,2.59005e+07,-1.73664e+06,2.50605e+07,1.33141e+07,1.43063e+07,-4.7998e+06,6.7215e+06,2.54058e+06,-8.89746e+06,-1.2927e+07,2.1196e+07,-4.66926e+06,1.25853e+07,1.9233e+07,1.1293e+07,3.07403e+07,-2.2809e+07,2.44482e+06,1.70762e+07,-4.2449e+07,-1.34558e+07,4.46797e+07,-3.06792e+07,1.10994e+07,3.77615e+07,-7.19597e+06,6.27446e+06,3.12988e+07,1.73522e+07,-2.14341e+07,2.79173e+06,747474,-2.70053e+07,-1.08797e+06,1.79155e+07,-1.99706e+07,-6.92971e+06,-4.6002e+06,2.92944e+07,-1.22567e+07,1.7759e+07,4.15167e+07,-3.17396e+06,469420,1.95122e+07,4.03403e+07,-5.47424e+06,1.83154e+07,-5.50107e+06,5.77495e+06,-3.34808e+07,2.23146e+07,212775,-2.00147e+07,374718,1.87322e+06,-4.28657e+07,-1.47254e+07,1.84595e+07
-7.46954e+06,-2.44699e+06,2.92081e+07,-4.91472e+06,2.53382e+07,3.13646e+07,-1.17284e+07,2.00494e+06,-1.37982e+07,1.7811e+07,-7.16413e+06,1.74301e+07,3.80622e+06,2.32609e+07,-3.18714e+07,-3.86318e+07,-7.50525e+06,3.34169e+07,5.96611e+07,-2.4157e+07,5.66937e+07,1.63285e+06,2.60046e+07,-2.5497e+07,-5.59106e+06,-3.94697e+07,-4.13009e+06,5.05007e+07,-2.46403e+06,-792457,-1.7907e+07,2.05648e+06,6.56047e+06,-1.81321e+07,-4.20611e+07,-1.61608e+07,1.41887e+07,9.00101e+06,1.42592e+07,-2.32315e+07,-1.40595e+07,4.28466e+07,3.65547e+07,6.86884e+06,-4.84988e+07,-2.12667e+06,-1.35815e+07,-3.69023e+07,1.17902e+06,-1.31408e+07,-5.30733e+06,333627,698403,-7.28659e+06,-2.29726e+07,-1.79178e+07,751054,-1.05042e+07,2.63941e+07,-3.07183e+07,1.21181e+07,2.35366e+06,-2.43881e+07,5.06935e+07,-8.69023e+06,2.1032e+07,-4.94631e+06,-1.05075e+07,1.29432e+07,5.9805e+06,5.39437e+07,-1.56425e+07,-3.99959e+06,1.12445e+07,81402,1.39917e+07,4.19641e+07,3.20463e+07,4.9729e+06,2.55485e+07,5.48676e+06,-7.02206e+06,1.98141e+07,-1.48703e+07,-4.13026e+07,-4.02554e+07,-1.19011e+06,4.43811e+07,7.49488e+06,4.13105e+06,-4.84861e+06,-3.13086e+07,-1.00149e+07,-2.54862e+07,1.97053e+07,-1.3417e+07,6.52038e+06
3.90257e+07,2.52801e+06,-3.43699e+07,-2.63832e+07,-9.52445e+06,-1.56176e+07,-5.17035e+07,4.15293e+06,-2.88286e+07,3.76378e+07,-1.09912e+07,-2.18604e+07,-1.22438e+07,4.54619e+07,-1.29816e+07,1.54983e+07,1.42605e+07,2.07296e+07,-1.57836e+07,-534654,2.98256e+07,-1.67054e+07,2.10482e+07,1.04102e+07,-2.85755e+07,1.34863e+07,2.84273e+07,4.66787e+07,-4.12797e+07,-1.8436e+07,2.97202e+06,-2.04914e+07,-2.30104e+07,4.25931e+07,-4.1365e+07,3.35571e+07,1.42823e+07,2.93959e+07,-516652,-2.19843e+07,-2.75833e+07,3.90059e+07,-7.27844e+06,2.45506e+07,1.53097e+07,-5.28396e+07,5.65053e+07,-5.45607e+06,-2.28205e+07,3.42342e+06,3.19299e+07,-2.15209e+07,-2.87975e+07,3.22335e+07,102103,1.5541e+07,3.35447e+07,-1.22455e+07,1.68011e+07,2.83526e+07,5.32986e+07,3.05655e+07,-7.65381e+06,3.34723e+07,-3.99118e+07,1.07845e+07,-5.67399e+06,-3.26203e+07,3.98125e+07,-4.20795e+07,1.09667e+07,-1.13398e+06,-9.03007e+06,-1.9641e+07,6.38104e+07,-1.13127e+07,1.19208e+07,4.62143e+07,-2.50223e+07,8.9673e+06,6.76026e+07,1.37661e+07,-1.32368e+07,-5.52502e+06,-3.34577e+07,-3.68595e+07,2.41944e+07,3.42562e+07,1.10627e+07,3.80117e+07,-2.42948e+07,9.16148e+06,-1.35106e+06,1.70831e+06,-2.0544e+07,6.40319e+06,-1.90137e+06
3.96062e+07,-5.35536e+07,8.48877e+06,2.78175e+07,-2.25715e+07,-1.76419e+07,-2.58606e+06,-2.05574e+06,9.58803e+06,5.91913e+07,1.93286e+07,-1.10502e+06,1.20285e+07,-3.48607e+07,-1.42983e+07,2.72644e+06,3.08847e+06,1.97622e+07,-596919,-1.7871e+07,1.22185e+07,5.18765e+06,-1.09948e+07,3.26557e+06,3.91314e+06,-1.04251e+07,-1.24881e+07,-3.41231e+07,-2.236e+07,6.54305e+06,-2.36607e+06,-2.18191e+07,6.42846e+06,1.26196e+07,-3.68821e+07,1.84147e+06,-8.05618e+06,-2.37522e+07,-3.53038e+07,-1.57293e+07,1.02391e+07,-3.43362e+07,-4.68779e+07,1.53802e+07,-1.50275e+07,-8.0602e+06,3.51071e+07,-1.3812e+07,1.2042e+07,1.3814e+07,1.93523e+07,-1.29862e+07,6.2997e+06,386034,1.16455e+07,3.57801e+07,1.33766e+07,-2.85845e+07,-8.52495e+06,3.20018e+07,-5.17536e+06,6.60302e+06,-1.39582e+07,-1.58966e+07,6.4957e+06,-3.30694e+07,4.13938e+07,1.78944e+07,-4.95731e+06,9.68745e+06,432557,-1.80576e+07,-4.95614e+06,2.94813e+07,-9.4808e+06,-2.84863e+06,4.08409e+06,1.48061e+07,1.60423e+07,8.0842e+06,1.19064e+07,-7.60056e+06,2.95924e+07,4.05483e+06,-4.03144e+06,-2.36832e+07,9.97973e+06,-2.1196e+06,7.97323e+06,-5.9063e+06,-1.06683e+07,4.8881e+06,-5.61643e+07,4.39666e+07,-1.79275e+06,-5.13797e+06,-1.42269e+07
-1.26714e+06,-5.82876e+07,-6.2325e+07,1.14716e+07,-1.20991e+07,-2.76457e+07,-4.8743e+07,-4.54273e+07,-1.67576e+07,4.81083e+06,-5.35767e+07,-5.6794e+06,-456737,-3.52879e+06,-4.00306e+06,5.4464e+07,-5.57129e+07,-3.98572e+07,-1.00145e+07,2.67563e+07,6.73315e+07,-3.27948e+07,-4.67793e+06,1.02812e+07,2.78539e+07,1.5795e+07,-1.26537e+06,2.90847e+07,-4.45401e+06,6.16084e+07,4.52425e+07,1.03817e+07,9.91516e+06,-718211,908639,4.44799e+07,-6.03079e+07,-1.66486e+07,-2.43254e+07,-3.28945e+07,9.31196e+06,-2.31571e+07,163805,5.89539e+07,5.38189e+06,-2.34314e+07,1.55202e+07,1.71407e+07,-2.40283e+07,-7.11985e+07,3.54293e+07,5.24135e+07,3.9388e+06,6.37791e+07,-2.51352e+07,5.7122e+07,5.3655e+07,1.83256e+07,3.63328e+07,2.4233e+07,8.97245e+06,-2.69256e+07,2.25074e+07,-1.2765e+07,2.40186e+06,2.12192e+07,-1.60043e+07,2.75052e+07,3.98993e+07,-2.13335e+07,-3.22094e+07,5.27467e+06,-8.003e+06,-3.91067e+07,3.8674e+07,-1.95651e+07,4.44762e+07,-3.16144e+07,1.93284e+06,5.42188e+07,-5.02655e+07,846894,-1.92289e+07,-5.93319e+06,-1.12466e+07,2.48383e+07,-9.15214e+06,6.66734e+06,2.43768e+07,4.24327e+06,-1.44468e+07,-2.77916e+07,7.82643e+06,-67541.9,2.38818e+07,-1.10661e+07,2.61536e+07
1.85801e+06,1.37736e+07,4.09847e+06,-3.31973e+06,-2.18969e+06,1.48043e+07,1.97444e+07,2.14741e+07,6.93665e+06,-2.83488e+06,5.92056e+06,1.75439e+07,2.06456e+06,-4.29776e+07,1.54084e+07,1.84045e+07,1.8606e+07,3.75638e+07,-4.07969e+07,-3.10745e+06,-3.13099e+07,7.07368e+06,-1.88837e+07,6.1873e+07,-1.97643e+07,-5.98816e+06,2.8805e+07,5.55142e+06,2.2082e+07,9.06945e+06,-2.92117e+07,1.79727e+07,8.24065e+06,-4.04147e+07,8.08327e+06,1.22859e+07,6.87661e+06,-3.13395e+07,-3.68039e+07,2.47844e+06,-9.68372e+06,-1.68219e+07,1.86299e+06,-5.49503e+07,1.2728e+07,2.54368e+07,-1.19606e+07,-2.58425e+07,2.68575e+07,-5.49918e+06,3.98523e+06,-1.0541e+07,2.62336e+07,3.62604e+06,2.9557e+06,-2.79289e+07,1.71998e+07,-1.99084e+07,3.82575e+06,-1.72546e+07,2.96304e+06,-2.48407e+07,2.24254e+07,-6.39812e+06,-2.19331e+07,-8.80903e+06,7.63667e+06,2.28437e+06,1.18622e+07,1.95383e+07,1.24303e+06,-2.80209e+07,-2.20571e+07,5.36196e+06,-3.67793e+07,-8.28866e+06,5.79228e+06,-6.82284e+06,1.24577e+07,-2.90567e+07,-1.86095e+07,-2.36026e+06,-2.1681e+07,-2.29789e+07,8.19709e+06,-2.58926e+07,-5.82638e+06,-8.90336e+06,5.83169e+06,-4.78848e+07,-1.49635e+07,-5.13593e+06,-3.69715e+06,3.94319e+07,4.2035e+06,2.58181e+07,2.56086e+06
-4.9167e+07,-2.78757e+07,2.05994e+07,3.8353e+07,-1.80066e+06,-5.53238e+07,2.1352e+07,-9.79055e+06,4.5901e+06,1.87026e+07,1.84158e+07,-1.1447e+07,-1.90059e+07,4.9359e+07,2.74639e+07,-3.9652e+07,-1.71175e+07,-2.42306e+07,-3.70392e+07,-2.70614e+07,-2.02362e+07,5.50211e+06,7.53666e+06,5.56694e+06,3.35776e+06,1.00332e+07,-9.43846e+06,4.42315e+06,3.43384e+07,-2.40112e+07,2.6507e+07,-1.92692e+07,4.18505e+06,-2.86972e+07,1.39758e+07,-1.42034e+07,-1.78228e+06,1.81371e+07,-3.74579e+07,9.66252e+06,-2.7202e+07,-1.36163e+06,-8.81078e+06,2.07992e+06,-1.77734e+07,2.42148e+06,-1.50802e+07,-4.9674e+07,-1.63993e+07,2.99461e+07,2.41001e+07,7.66841e+06,1.9164e+07,-1.61561e+07,-1.43603e+07,4.08729e+06,-1.43622e+07,-3.17332e+07,1.19189e+07,-1.96913e+07,-2.5059e+07,-1.38026e+07,-2.8257e+07,1.13205e+07,-7.10495e+06,-3.0189e+06,-2.23574e+06,3.71394e+07,-2.47599e+07,1.53984e+07,-4.55345e+06,-1.35494e+07,3.70398e+07,1.31691e+07,1.18816e+07,3.09592e+06,-4.71909e+07,2.09566e+07,3.47397e+07,2.9584e+07,-1.55443e+07,2.73457e+06,-2.42338e+06,-1.67289e+07,-4.40703e+07,-1.63079e+07,-1.14234e+06,-1.69012e+07,-2.8284e+06,-1.29949e+07,-4.13453e+06,-2.30563e+07,-4.92201e+07,5.01545e+06,-3.31085e+07,2.134e+07,-2.09484e+07
-3.22613e+07,1.86324e+07,1.54953e+07,4.47454e+06,-3.99553e+07,2.294e+07,2.37946e+07,5.25825e+07,-1.2402e+07,-2.17435e+07,5.04661e+06,4.76344e+06,1.06498e+07,3.68442e+07,3.86864e+07,7.08032e+06,4.37928e+07,7.86387e+07,2.85794e+07,-2.76908e+07,1.31895e+07,-1.32436e+07,-332140,-3.07306e+06,-2.23202e+07,-3.44012e+07,-1.99183e+07,1.78429e+07,1.55081e+07,-2.30116e+07,-1.73063e+06,3.44578e+07,1.20256e+07,-1.7179e+07,3.99837e+07,-1.8615e+07,1.87421e+07,1.01594e+07,-6.32816e+06,-1.10667e+07,3.39247e+06,1.09649e+07,4.58634e+06,-3.42164e+06,2.58434e+06,-1.96548e+07,-1.27409e+07,2.57514e+07,1.39761e+07,-7.01466e+06,-3.66511e+07,2.40734e+07,2.13384e+07,1.64683e+07,-2.64236e+07,-3.2865e+07,-5.02478e+07,-5.25302e+07,-3.67562e+07,-2.10318e+07,-4.84396e+07,5.11463e+07,3.38589e+07,-4.05961e+07,-2.74457e+07,4.3766e+07,-1.98476e+06,2.74079e+07,-9.6275e+06,4.3793e+07,-6.51495e+06,-3.00159e+07,-1.17044e+07,-3.41597e+07,3.27827e+06,2.51184e+07,-7.15642e+06,-1.75401e+07,2.70865e+06,-2.06268e+07,-2.19342e+07,-1.47947e+07,1.50107e+07,-4.80511e+06,5.60313e+07,7.38143e+07,-4.14e+07,1.6512e+07,-1.06507e+07,-1.28877e+07,-2.92704e+07,6.63492e+06,1.79573e+07,8.4854e+06,1.69639e+07,1.64384e+07,-3.13501e+07
1.55802e+07,57737.4,-2.79748e+07,-9.71559e+06,1.63288e+07,-7.81522e+06,4.71111e+06,1.29067e+07,2.85354e+07,3.64972e+07,1.35887e+07,4.59781e+07,3.19375e+07,-3.03172e+06,3.87569e+06,-2.11919e+06,3.12423e+07,1.89831e+07,-2.39978e+07,-9.32155e+06,-4.52225e+07,1.42369e+07,1.24202e+07,4.41018e+06,1.18849e+07,-3.36939e+06,-2.87269e+07,2.33315e+07,-1.73845e+07,-1.80961e+06,2.55254e+07,-1.08544e+07,-3.24966e+07,9.82651e+06,-6.53259e+06,-13389.6,-1.88752e+07,-2.01944e+07,5.20319e+07,3.43468e+06,-1.39283e+07,-2.20048e+07,-4.90731e+06,1.24117e+06,1.6425e+07,-4.1435e+07,1.04986e+07,2.03771e+06,-1.28943e+07,6.47681e+06,-2.97061e+07,2.00364e+07,3.38669e+07,9.74347e+06,-1.2043e+07,4.22653e+07,3.36024e+07,5.09478e+06,-4.4066e+07,-3.16997e+06,-1.07834e+07,4.15949e+06,4.63606e+07,5.76635e+06,-7.28947e+06,2.16392e+07,1.89289e+07,4.59897e+06,6.7201e+06,-2.68981e+07,-9.29188e+06,1.2321e+07,8.81299e+06,2.60481e+06,-3.2433e+07,5.80433e+06,-3.8304e+07,1.39151e+07,1.07292e+06,-1.33068e+07,2.05823e+07,-2.77542e+07,-2.21538e+06,1.33593e+07,-2.08419e+06,-1.78577e+06,2.87339e+07,-1.41678e+07,-701314,1.90087e+06,2.23526e+07,5.99919e+07,4.09312e+07,-1.68544e+07,1.68451e+07,-3.77222e+07,-3.53075e+07
2.97519e+07,-5.2892e+06,-2.66086e+07,-2.35076e+06,-3.72639e+07,1.96687e+07,9.46717e+06,1.97711e+07,2.71207e+07,2.56632e+06,1.12804e+07,4.33331e+07,-7.25171e+06,-1.89918e+07,1.04791e+07,1.9058e+07,1.69431e+07,5.68984e+07,2.3488e+07,1.72821e+06,2.5884e+07,-2.261e+07,3.18102e+07,4.66746e+06,-1.65379e+07,-1.84187e+07,1.69543e+07,-2.12078e+06,-7.18566e+06,175622,-1.38576e+07,-7.77169e+06,-2.43819e+07,1.35709e+07,2.76943e+07,1.76938e+07,1.08362e+07,-4.16093e+06,2.70741e+07,-2.33201e+07,-2.81467e+06,2.76029e+07,-2.78885e+07,-2.11364e+07,6.50563e+06,-5.85707e+07,5.26253e+07,3.08243e+06,3.02389e+07,-1.76231e+07,3.68372e+06,-1.15586e+07,1.2621e+07,1.04332e+07,-609915,1.51141e+06,-6.40506e+06,3.58281e+06,-1.48331e+07,-2.17292e+07,-6.65271e+06,6.72276e+07,1.28566e+07,-1.5414e+07,468203,-3.65254e+07,2.94858e+07,-3.00969e+07,-1.48185e+07,4.8309e+07,2.6821e+07,-7.97608e+06,-1.74978e+07,9.18415e+06,1.12532e+06,2.54064e+07,-2.26615e+06,2.16244e+07,1.6191e+07,-3.96393e+07,-2.01888e+07,1.28054e+07,4.13298e+07,1.64146e+07,4.15634e+07,4.19093e+07,-3.59448e+07,-2.65959e+07,-161714,5.34255e+06,1.80148e+07,1.40441e+07,396857,-2.99916e+07,1.15274e+07,-6.54834e+06,-7.22418e+06
1.03663e+07,-6.29714e+06,-5.1423e+07,-4.18066e+06,-1.79003e+07,3.45149e+07,4.09335e+06,-6.0927e+06,-2.21068e+07,1.19679e+07,-5.78488e+06,-4.46254e+06,1.76201e+06,-2.07996e+07,-6.85898e+06,2.36012e+07,1.82701e+06,-1.62498e+07,-4.05202e+07,2.9294e+07,-1.34491e+07,-2.99139e+06,-8.50447e+06,-3.76184e+06,-1.25873e+07,-4.68987e+06,4.12402e+06,-4.31961e+07,-2.04812e+07,-5.80986e+06,6.19637e+06,-1.68132e+07,2.44958e+06,3.4778e+07,-5.52288e+06,-1.27858e+06,-6.83067e+06,1.05592e+07,-3.00279e+06,-2.69369e+07,-2.41083e+07,1.78308e+07,2.649e+07,3.66467e+07,3.8233e+07,1.63482e+07,3.82323e+07,1.12736e+07,-3.41767e+07,2.84538e+07,4.0446e+07,5.75714e+06,2.20798e+07,-1.8851e+07,-2.66499e+07,-1.48901e+07,2.65059e+07,1.38677e+07,1.96138e+06,-9.39571e+06,-1.53782e+07,2.19162e+07,1.70244e+07,-1.52169e+07,-2.13361e+07,-2.20064e+07,1.01471e+07,-9.67025e+06,-1.18177e+06,1.70184e+07,-2.69688e+07,-4.35507e+07,6.2745e+06,454517,-2.39077e+07,-2.13329e+07,-1.77223e+07,2.03195e+07,-3.10494e+07,-1.67794e+07,2.49815e+07,3.6636e+07,-1.26353e+07,-9.95612e+06,1.28049e+07,-5.55832e+06,1.38525e+07,1.48799e+07,-7.05344e+06,-1.06343e+07,-1.97934e+06,1.12161e+06,-4.48702e+07,1.42171e+06,1.64038e+07,3.01139e+07,2.91422e+06
5.42805e+07,1.23691e+07,-4.33977e+06,3.61748e+07,2.97894e+07,-2.46239e+07,-2.0719e+07,3.42794e+07,3.03187e+06,-4.41046e+06,2.09034e+07,3.26735e+07,-1.0705e+07,-1.12155e+07,-9.97237e+06,2.66429e+07,4.12712e+07,1.51733e+07,1.86411e+06,-1.50903e+07,-5.45647e+06,-1.84709e+07,4.38484e+07,2.93716e+06,-3.10574e+07,1.42691e+07,-7.50497e+06,1.12895e+07,-1.80813e+07,-1.0709e+06,1.25457e+07,2.4724e+06,1.50974e+07,1.082e+07,2.35433e+07,-1.27794e+07,-1.57589e+06,2.32811e+06,3.13575e+07,-1.3998e+07,1.11681e+07,3.01506e+07,1.60115e+06,-1.24704e+07,4.35685e+06,-2.2793e+06,-2.59277e+07,8.45649e+06,1.78704e+07,1.66216e+07,2.40288e+06,-3.66523e+07,-6.00707e+06,680319,-7.45386e+06,4.84777e+06,7.95053e+06,1.88027e+07,-1.93859e+07,1.73734e+07,-3.42816e+07,1.78584e+07,245972,-1.8041e+07,-3.22267e+07,-7.21967e+06,9.80544e+06,-1.6968e+07,-4.06798e+07,2.39742e+07,1.45009e+07,-2.25905e+07,5.38742e+06,-1.00096e+07,-1.66428e+07,9.07817e+06,-9.28992e+06,-5.61527e+06,-4.61339e+06,6.62022e+06,-1.69251e+07,1.48887e+07,4.56886e+07,2.02508e+07,-647581,-1.79806e+07,1.48224e+07,-5.45034e+06,-1.83985e+07,-2.02363e+07,9.76996e+06,-1.20506e+07,3.33034e+06,-1.51888e+06,-4.56619e+06,1.10633e+06,-1.43685e+07
4.25824e+07,2.17342e+07,-1.63307e+07,1.43727e+07,2.36241e+07,1.79016e+07,-4.01715e+06,-9.43847e+06,7.81862e+06,4.22727e+07,1.10422e+07,-2.02013e+07,1.07219e+07,3.11581e+07,-4.07124e+06,-1.88093e+07,-1.08929e+07,1.34059e+07,-6.28684e+06,-1.04722e+07,-3.42285e+07,-1.47555e+07,3.074e+07,6.38886e+06,1.84746e+07,1.57012e+07,1.02907e+07,4.23336e+07,-3.43479e+07,1.75026e+07,3.39378e+07,-7.05186e+06,2.05951e+07,2.09095e+07,-8.28149e+06,4.83631e+07,4.34417e+07,5.01686e+06,1.06408e+07,3.1541e+06,-8.27637e+06,691227,8.10029e+06,-5.30526e+07,2.31361e+07,-3.25307e+07,5.24003e+07,2.01763e+07,-569979,-1.38548e+07,-1.09552e+07,-7.37859e+06,-4.1143e+07,2.22672e+07,-1.26764e+07,-1.42287e+07,1.45291e+07,-4.63113e+06,-9.68668e+06,63520,1.88054e+07,1.47802e+07,-1.32176e+07,2.22358e+07,-4.43316e+07,1.62616e+06,-2.12853e+07,9.35421e+06,-1.62627e+07,-7.6482e+06,2.10635e+07,4.06445e+07,-8.41199e+06,-1.44214e+07,1.36748e+07,1.36431e+07,-1.49446e+07,1.263e+07,-3.00845e+07,2.26958e+07,1.20565e+07,1.31884e+07,-1.4457e+07,1.59041e+07,-3.33503e+07,-2.02854e+07,3.37071e+07,1.66983e+07,7.94409e+06,-2.14161e+07,-3.01072e+07,3.86386e+06,-4.65663e+06,-7.14015e+06,-4.47138e+07,8.74663e+06,-1.36066e+07
-3.12827e+07,1.04833e+07,-1.48416e+07,1.18718e+06,4.18352e+07,2.09315e+07,-347254,2.16736e+07,3.89047e+07,1.05773e+07,4.44719e+07,2.14549e+07,-1.0269e+07,1.40478e+07,-3.35191e+07,-3.65467e+07,1.60335e+07,9.97154e+06,-1.06676e+07,-251842,-2.42062e+07,1.19982e+07,-5.08051e+07,2.19062e+07,-1.23142e+07,-2.87653e+06,1.27515e+07,1.92296e+07,1.87592e+07,8.28808e+06,-3.29528e+07,1.69899e+07,5.08391e+07,9.56862e+06,-1.51696e+06,3.79738e+06,4.25538e+06,-5.97254e+06,-1.81878e+07,4.21292e+07,-2.34658e+07,-2.06513e+06,1.97895e+07,-1.78268e+07,-5.0576e+06,-5.08387e+07,2.26131e+07,-2.09496e+07,-2.68633e+07,-9.73518e+06,-2.674e+07,2.32656e+07,2.19491e+07,-1.64674e+07,-4.93154e+06,-3.32528e+07,-2.72003e+06,-9.79279e+06,3.00665e+06,1.75804e+07,5.24594e+06,1.46746e+07,-1.75058e+07,1.50923e+07,-4.89524e+07,3.77716e+07,1.30408e+07,7.72759e+06,-2.9667e+07,4.0813e+07,-5.38325e+07,1.64832e+07,-3.44825e+07,2.63568e+07,4.50821e+07,-3.40318e+06,-3.0344e+07,-2.21628e+06,842891,4.60026e+06,-3.05235e+07,3.23257e+07,-3.6553e+06,-1.26875e+07,6.93493e+06,2.04315e+07,-1.83415e+07,-2.21325e+07,1.09549e+07,5.56437e+06,-1.70138e+07,4.15183e+07,-5.60115e+06,-1.04242e+07,3.15261e+06,3.76045e+06,-1.62919e+07
-9.36396e+06,-3.44953e+07,4.51826e+07,4.60013e+07,-3.7214e+07,-1.60693e+07,-2.22938e+07,3.50581e+07,1.76219e+07,-2.88865e+07,5.83459e+06,2.18987e+07,-9.33717e+06,-1.35814e+07,3.71403e+07,1.39459e+07,-2.565e+07,1.7814e+07,5.35454e+06,-1.04867e+07,-2.4713e+07,-1.9967e+06,-65552,-1.41714e+07,-2.76236e+06,-2.50078e+07,6.40781e+06,1.7329e+07,1.11012e+07,-2.85766e+06,-4.38739e+07,-2.26352e+06,9.76144e+06,2.74132e+07,3.70671e+07,-1.60569e+07,3.08717e+06,3.84648e+07,9.21095e+06,2.71041e+07,2.57629e+07,-1.58733e+07,1.68772e+07,-5.82704e+07,-8.93866e+06,3.26796e+07,-2.65305e+07,-2.19067e+07,3.57323e+07,1.11392e+07,-2.85806e+06,1.49123e+07,-3.54891e+06,4.86976e+07,6.37781e+06,-4.17144e+07,-3.3756e+07,-2.44879e+07,-2.21098e+07,4.10683e+06,-1.28048e+07,4.12232e+06,-2.13218e+07,2.42876e+06,-2.79715e+07,8.12939e+06,1.55323e+07,-1.37334e+07,-2.228e+07,4.18711e+07,4.06544e+07,-1.74215e+07,7.72167e+06,1.85889e+07,1.36509e+06,1.84373e+07,2.16359e+07,-4.88494e+07,9.59585e+06,3.30442e+07,-4.9131e+07,-1.59996e+07,2.05828e+06,1.81926e+06,3.07997e+07,-1.19759e+07,-3.55277e+07,2.03842e+07,-2.5424e+06,-3.28785e+06,3.42638e+06,7.40827e+06,-528794,3.70301e+07,-4.20591e+06,1.84287e+06,3.44822e+07
-1.14536e+06,1.47744e+07,1.23983e+07,-1.0816e+07,8.59425e+06,1.27821e+07,-2.09655e+07,2.87806e+07,-1.25038e+07,-1.81086e+07,-5.51943e+07,2.43914e+07,-2.12378e+07,4.93769e+07,-2.51591e+07,1.15973e+07,2.80518e+07,2.99033e+07,-2.01978e+07,-1.27495e+07,2.97648e+07,6.75092e+06,-1.53223e+07,1.52271e+06,-2.02215e+07,7.69637e+06,-2.95164e+07,2.46996e+07,-1.70953e+07,1.63537e+06,-3.60871e+07,2.88936e+07,4.90834e+07,7.24839e+06,3.64647e+07,-5.81681e+06,-6.23645e+06,1.18443e+06,2.86062e+07,1.113e+07,5.62701e+06,8.72252e+06,-2.87083e+06,2.54667e+07,-2.07574e+07,5.31386e+07,-6.85628e+07,-3.33034e+06,2.37136e+07,4.33739e+06,2.74213e+07,-1.63333e+07,1.3038e+07,1.02235e+06,-2.69049e+06,-9.92979e+06,-1.34711e+07,-1.82722e+07,-3.70184e+07,2.56646e+07,-4.51554e+07,2.96705e+07,-1.88076e+07,-5.8462e+07,4.25111e+06,3.44711e+07,1.89262e+07,-1.02975e+07,1.18645e+07,4.92709e+07,-1.65017e+07,-1.60866e+07,-2.01405e+07,1.15312e+07,3.00899e+07,-2.63827e+07,-1.27594e+07,-3.74282e+07,7.96697e+06,3.42228e+07,-2.03942e+07,1.28828e+07,4.93537e+06,2.51816e+07,-360426,1.24963e+07,-1.51702e+07,2.83251e+07,-2.3317e+07,3.71142e+06,2.83086e+06,-6.23641e+06,2.75103e+07,2.41956e+07,-1.98327e+06,-9.25287e+06,2.99364e+06
-4.98795e+07,-3.07339e+07,2.61859e+07,-2.6108e+07,-932690,-1.2851e+07,4.64088e+06,-7.87965e+06,-3.26015e+07,-4.63465e+07,7.91147e+06,-4.56432e+07,1.6436e+07,-813930,-1.59222e+07,-2.45213e+06,1.18247e+07,-1.31608e+07,1.64256e+07,6.73262e+06,2.7287e+07,-4.80115e+06,-1.44777e+07,1.07316e+07,2.30244e+07,-1.53385e+07,1.99925e+07,1.75654e+07,2.82267e+06,-8.7347e+06,3.27115e+06,1.27703e+07,1.17085e+07,-1.37768e+07,-4.59901e+06,2.44184e+07,-2.91769e+07,7.11337e+07,-1.30077e+07,6.47203e+06,7.83145e+06,2.78175e+06,-1.43416e+07,280408,-8.00785e+06,-1.25309e+07,-4.99475e+07,3.02191e+06,-1.34357e+06,-200914,-944874,4.93735e+06,1.23619e+07,-3.94971e+07,-6.48345e+06,-2.28597e+07,-1.81094e+07,2.34755e+07,3.1841e+07,-3.18724e+07,6.50895e+07,2.80245e+07,-2.84613e+07,4.9042e+07,1.56198e+07,-1.70559e+07,2.93052e+07,4.70878e+06,4.14884e+07,1.46764e+07,2.02497e+07,-3.18807e+07,1.52364e+07,-2.83022e+07,5.6925e+07,9.66605e+06,-1.01987e+06,4.2542e+06,3.80711e+07,-1.63954e+07,8.57491e+06,3.86385e+07,1.75568e+06,8.35206e+06,-1.34295e+07,3.04541e+07,-6.5364e+06,-1.97226e+07,-8.33038e+06,-417763,1.35391e+07,-1.72324e+06,-2.95876e+07,1.9778e+07,-2.91627e+07,1.92348e+07,7.19713e+06
1.91318e+07,-3.55977e+07,3.06017e+07,5.59688e+07,-6.83553e+06,2.15114e+06,-1.70451e+07,-5.25686e+07,-1.23309e+07,1.73781e+07,-4.06636e+07,-1.81494e+07,4.28911e+06,7.49045e+06,1.6595e+07,3.00197e+07,-1.9636e+07,-6.82826e+06,1.77857e+07,-2.53382e+07,1.92984e+07,-9.99486e+06,-709415,-2.09145e+07,-5.29635e+06,-4.6719e+06,-2.1092e+07,-1.59061e+07,-3.8346e+07,7.96521e+06,9.30509e+06,1.22332e+07,2.76265e+06,1.26572e+07,8.37733e+06,-1.85353e+07,-2.53944e+06,1.37187e+07,-9.68098e+06,-6.37952e+06,1.24509e+07,-3.61372e+06,-1.5543e+07,1.82218e+06,-4.82257e+06,-1.56985e+07,3.45296e+07,-1.58862e+07,1.72403e+07,-7.60327e+06,2.87141e+07,2.93275e+07,7.99461e+06,2.31766e+07,-2.92192e+07,-258984,3.52912e+07,-1.31427e+07,1.37588e+07,5.25566e+07,-4.33436e+06,3.95822e+06,1.26242e+07,-1.16887e+07,-9.59903e+06,1.99918e+07,-6.02512e+06,2.99186e+07,-1.23653e+06,2.14498e+07,1.62096e+07,-1.32914e+06,-1.69026e+07,-3.86164e+06,6.10015e+06,-2.53175e+07,7.44463e+06,678687,-5.86176e+06,2.9656e+07,-1.65649e+07,-3.84275e+07,-9.80025e+06,1.60452e+07,-2.25841e+07,2.78158e+07,-1.48353e+07,-3.44185e+06,-8.74541e+06,2.06352e+07,-3.27602e+07,-3.5926e+06,-5.34209e+07,8.8487e+06,5.04516e+06,-2.11672e+07,2.4361e+07
-3.32941e+07,-9.7529e+06,5.18756e+06,-7.00193e+07,2.49001e+07,1.33713e+07,3.1538e+07,-4.36906e+07,-2.2453e+07,5.6177e+06,1.27725e+07,-1.6343e+07,3.20307e+07,1.43252e+07,-2.73915e+07,-1.87918e+06,-1.39209e+07,-4.31249e+07,1.81415e+07,1.71857e+07,1.4795e+07,5.36931e+07,1.18643e+07,-2.14228e+07,-1.05668e+07,2.22474e+07,-1.44337e+07,5.2314e+07,4.2642e+07,6.02862e+06,-2.18231e+07,2.79987e+07,1.54748e+07,-1.83582e+07,-9.91338e+06,3.28623e+07,-4.01679e+07,-2.69279e+06,2.24582e+07,2.53981e+07,-4.03096e+07,-1.8075e+07,6.02089e+07,7.03399e+06,-3.72954e+06,-3.19345e+07,2.79559e+07,-1.92697e+07,-7.05411e+06,-3.32625e+07,-1.59394e+06,-6.35848e+06,2.43592e+07,-2.84637e+07,-4.16468e+06,-1.18666e+07,2.18746e+06,2.3831e+07,3.93727e+07,-2.1648e+07,4.84482e+06,2.16834e+07,2.407e+07,-1.33978e+07,-1.43131e+06,8.38375e+06,-9.60642e+06,2.99059e+07,-4.1331e+07,-4.54193e+07,-3.36172e+07,1.99935e+07,-3.63127e+07,-1.77983e+07,-2.6643e+06,1.28536e+07,3.33618e+07,3.41657e+07,-1.99999e+07,-4.03669e+07,8.01668e+06,2.77786e+07,-3.44152e+07,4.411e+07,3.4684e+06,4.4064e+07,3.1634e+07,-1.97467e+07,2.16297e+07,2.05205e+07,-5.55857e+07,-3.55645e+07,2.03098e+07,3.08607e+07,3.11729e+07,-2.77925e+07,4.02776e+07
3.02694e+06,1.1813e+07,1.6934e+07,621992,-1.63086e+07,-3.16176e+07,4.72965e+07,-2.40705e+07,-6.87192e+07,-5.15626e+06,-1.06285e+07,-1.26545e+07,-5.79846e+07,2.14727e+07,1.53486e+07,-1.33161e+07,2.09802e+07,-2.87528e+07,-1.97629e+07,2.09764e+07,-1.24364e+07,-3.29262e+07,2.98877e+07,-1.56846e+07,-6.60298e+07,-7.67294e+06,-1.05481e+07,1.72752e+07,-1.98057e+07,1.10168e+07,-1.72239e+06,-2.71632e+07,-3.67449e+07,2.08866e+07,1.39577e+07,9.53011e+06,4.0873e+07,6.72165e+07,-1.04625e+07,-1.92356e+07,754967,4.91499e+07,-2.16563e+07,-1.20914e+07,2.96195e+07,4.83119e+07,1.28134e+07,-6.55967e+06,-3.17745e+07,-3.91758e+07,1.80488e+07,1.36505e+07,-2.12332e+07,-1.32151e+07,-3.04993e+06,-5.79092e+07,2.36739e+07,-2.8719e+07,-1.55261e+07,5.18341e+06,3.62026e+07,-1.34271e+07,-2.56894e+07,-1.59787e+07,5.52367e+06,-1.54588e+07,-2.16086e+07,-4.79667e+06,-1.14245e+07,2.6375e+07,396626,-3.82125e+07,1.10848e+06,-1.01475e+07,1.11177e+07,1.19527e+07,8.29748e+06,-9.75389e+06,-1.96357e+07,2.90004e+07,-1.12674e+07,-1.34708e+07,2.80259e+07,1.58972e+07,-5.60371e+07,-4.07873e+06,-1.10358e+07,2.23133e+07,-1.44595e+07,-251491,9.32757e+06,-5.07812e+07,-2.74337e+07,5.18612e+06,-1.04931e+06,4.04478e+07,2.34724e+07
-2.08255e+07,4.41712e+06,3.61703e+07,-2.1581e+06,1.10889e+07,-1.27237e+07,1.26472e+07,-1.46808e+06,2.54349e+07,3.55031e+06,1.49259e+07,-1.16924e+07,-4.2879e+06,2.80259e+07,1.81271e+07,-2.78419e+07,2.70434e+07,2.46484e+07,3.43223e+06,1.93119e+07,-4.99591e+07,3.05796e+06,-2.0598e+07,-6.54173e+06,3.51411e+06,2.78599e+06,3.11802e+07,-5.82968e+07,1.59643e+06,-2.03671e+07,5.5241e+07,1.22453e+07,1.34446e+07,-2.14696e+07,-2.45734e+07,-1.52924e+07,2.43996e+07,-1.20858e+07,-1.5922e+07,2.88175e+07,-1.42726e+07,-1.02989e+07,2.8657e+06,-3.01828e+07,2.64155e+07,4.28095e+07,-3.933e+07,2.72593e+07,-2.95592e+07,5.22946e+06,1.50906e+07,149521,-4.44051e+06,-1.74463e+07,-2.75431e+07,-3.13825e+07,3.15395e+06,8.3342e+06,1.96729e+06,-2.16405e+07,8.28571e+06,-1.55097e+07,-1.86339e+07,3.67932e+06,-1.68606e+07,-2.11408e+06,-1.63017e+07,-1.55557e+07,-875940,-2.57648e+07,1.88121e+07,-8.96091e+06,2.76829e+07,-2.84195e+07,-5.98827e+06,-1.00694e+07,-9.10077e+06,-3.77442e+07,9.58826e+06,-1.39597e+07,3.46684e+07,3.70146e+07,937834,-3.07855e+06,-7.77471e+06,3.27393e+07,-4.39176e+07,-1.85559e+07,-1.47735e+07,2.0698e+06,-2.98606e+07,3.62816e+07,-2.80455e+07,-5.01032e+06,6.40277e+06,4.38364e+07,-2.17422e+07
-6.6593e+06,-3.76176e+06,1.07576e+07,-2.60428e+07,-4.20469e+07,-4.13392e+07,-2.12108e+06,3.74084e+06,2.10117e+07,1.727e+07,1.69679e+07,1.73588e+07,-3.89488e+07,1.12043e+07,3.35069e+06,-1.25516e+07,2.44116e+07,5.94828e+06,1.00795e+07,223181,-5.68568e+07,-2.33187e+07,-4.60348e+06,1.87524e+07,2.57935e+07,-2.88465e+07,-9.94646e+06,7.3698e+06,7.77605e+07,-2.97691e+07,2.47215e+06,-587647,2.92347e+07,-3.49158e+07,2.99407e+07,-5.61999e+06,-3.93144e+07,-3.08545e+07,5.19557e+06,2.24348e+06,-9.29401e+06,-6.65753e+06,4.86538e+07,5.68807e+06,-2.23579e+07,-2.60291e+07,9.27244e+06,1.66889e+07,1.25915e+07,1.33407e+07,-3.63213e+06,1.88529e+07,3.32398e+07,-2.12191e+06,2.53026e+07,3.22535e+07,-4.35948e+07,1.61027e+07,4.44079e+07,-8.74862e+06,-2.55523e+07,-2.39158e+06,2.06809e+07,-6.6933e+06,-9.11635e+06,3.83747e+06,1.01358e+07,1.60321e+07,-2.57975e+06,9.30588e+06,-2.67245e+07,2.43935e+06,-1.56039e+07,4.3469e+07,1.94233e+07,2.82179e+07,-9.40713e+06,-2.69806e+06,1.66136e+07,-1.66182e+07,-1.16692e+07,3.70234e+06,3.2511e+07,9.88197e+06,2.47363e+07,3.69418e+07,1.37138e+06,-3.49368e+07,4.621e+07,-1.56769e+07,-4.73188e+06,8.3165e+06,1.67547e+07,-5.04856e+07,4.14528e+07,-2.1303e+07,1.38644e+06
